"","game_id","season","game_type","week","gameday","weekday","gametime","away_team","away_score","home_team","home_score","location","result","total","overtime","old_game_id","gsis","nfl_detail_id","pfr","pff","espn","ftn","away_rest","home_rest","away_moneyline","home_moneyline","spread_line","away_spread_odds","home_spread_odds","total_line","under_odds","over_odds","div_game","roof","surface","temp","wind","away_qb_id","home_qb_id","away_qb_name","home_qb_name","away_coach","home_coach","referee","stadium_id","stadium"
"1","2024_01_BAL_KC",2024,"REG",1,"2024-09-05","Thursday","20:20","BAL",NA,"KC",NA,"Home",NA,NA,NA,"2024090500",NA,NA,"202409050kan",NA,"401671789",NA,7,7,124,-148,2.5,100,-120,46.5,-110,-110,0,"outdoors","grass",NA,NA,"00-0034796","00-0033873","Lamar Jackson","Patrick Mahomes","John Harbaugh","Andy Reid",NA,"KAN00","GEHA Field at Arrowhead Stadium"
"2","2024_01_GB_PHI",2024,"REG",1,"2024-09-06","Friday","20:15","GB",NA,"PHI",NA,"Neutral",NA,NA,NA,"2024090600",NA,NA,"202409060phi",NA,"401671805",NA,7,7,110,-130,2.5,-112,-108,48.5,-108,-112,0,"outdoors","grass",NA,NA,"00-0036264","00-0036389","Jordan Love","Jalen Hurts","Matt LaFleur","Nick Sirianni",NA,"PHI00","Lincoln Financial Field"
"3","2024_01_PIT_ATL",2024,"REG",1,"2024-09-08","Sunday","13:00","PIT",NA,"ATL",NA,"Home",NA,NA,NA,"2024090800",NA,NA,"202409080atl",NA,"401671744",NA,7,7,124,-148,3,-115,-105,42,-112,-108,0,"closed","fieldturf",NA,NA,"00-0029263","00-0029604","Russell Wilson","Kirk Cousins","Mike Tomlin","Raheem Morris",NA,"ATL97","Mercedes-Benz Stadium"
"4","2024_01_ARI_BUF",2024,"REG",1,"2024-09-08","Sunday","13:00","ARI",NA,"BUF",NA,"Home",NA,NA,NA,"2024090801",NA,NA,"202409080buf",NA,"401671617",NA,7,7,200,-245,5.5,-105,-115,48,-108,-112,0,"outdoors","a_turf",NA,NA,"00-0035228","00-0034857","Kyler Murray","Josh Allen","Jonathan Gannon","Sean McDermott",NA,"BUF00","New Era Field"
"5","2024_01_TEN_CHI",2024,"REG",1,"2024-09-08","Sunday","13:00","TEN",NA,"CHI",NA,"Home",NA,NA,NA,"2024090802",NA,NA,"202409080chi",NA,"401671719",NA,7,7,170,-205,4.5,-112,-108,43,-108,-112,0,"outdoors","grass",NA,NA,"00-0039152","00-0039918","Will Levis","Caleb Williams","Brian Callahan","Matt Eberflus",NA,"CHI98","Soldier Field"
"6","2024_01_NE_CIN",2024,"REG",1,"2024-09-08","Sunday","13:00","NE",NA,"CIN",NA,"Home",NA,NA,NA,"2024090803",NA,NA,"202409080cin",NA,"401671628",NA,7,7,340,-440,9,-110,-110,43,-110,-110,0,"outdoors","fieldturf",NA,NA,"00-0033119","00-0036442","Jacoby Brissett","Joe Burrow","Jerod Mayo","Zac Taylor",NA,"CIN00","Paycor Stadium"
"7","2024_01_HOU_IND",2024,"REG",1,"2024-09-08","Sunday","13:00","HOU",NA,"IND",NA,"Home",NA,NA,NA,"2024090804",NA,NA,"202409080clt",NA,"401671861",NA,7,7,-122,102,-1.5,-110,-110,48,-110,-110,1,"closed","fieldturf",NA,NA,"00-0039163","00-0039164","C.J. Stroud","Anthony Richardson","DeMeco Ryans","Shane Steichen",NA,"IND00","Lucas Oil Stadium"
"8","2024_01_JAX_MIA",2024,"REG",1,"2024-09-08","Sunday","13:00","JAX",NA,"MIA",NA,"Home",NA,NA,NA,"2024090805",NA,NA,"202409080mia",NA,"401671849",NA,7,7,150,-180,3.5,-110,-110,49,-110,-110,0,"outdoors","grass",NA,NA,"00-0036971","00-0036212","Trevor Lawrence","Tua Tagovailoa","Doug Pederson","Mike McDaniel",NA,"MIA00","Hard Rock Stadium"
"9","2024_01_CAR_NO",2024,"REG",1,"2024-09-08","Sunday","13:00","CAR",NA,"NO",NA,"Home",NA,NA,NA,"2024090806",NA,NA,"202409080nor",NA,"401671734",NA,7,7,164,-198,4,-108,-112,40,-112,-108,1,"dome","sportturf",NA,NA,"00-0039150","00-0031280","Bryce Young","Derek Carr","Dave Canales","Dennis Allen",NA,"NOR00","Mercedes-Benz Superdome"
"10","2024_01_MIN_NYG",2024,"REG",1,"2024-09-08","Sunday","13:00","MIN",NA,"NYG",NA,"Home",NA,NA,NA,"2024090807",NA,NA,"202409080nyg",NA,"401671712",NA,7,7,-118,-102,-1,-110,-110,41.5,-112,-108,0,"outdoors","fieldturf",NA,NA,"00-0034869","00-0035710","Sam Darnold","Daniel Jones","Kevin O'Connell","Brian Daboll",NA,"NYC01","MetLife Stadium"
"11","2024_01_LV_LAC",2024,"REG",1,"2024-09-08","Sunday","16:05","LV",NA,"LAC",NA,"Home",NA,NA,NA,"2024090808",NA,NA,"202409080sdg",NA,"401671659",NA,7,7,150,-180,3.5,-112,-108,42.5,-108,-112,1,"dome","matrixturf",NA,NA,"00-0035289","00-0036355","Gardner Minshew","Justin Herbert","Antonio Pierce","Jim Harbaugh",NA,"LAX01","SoFi Stadium"
"12","2024_01_DEN_SEA",2024,"REG",1,"2024-09-08","Sunday","16:05","DEN",NA,"SEA",NA,"Home",NA,NA,NA,"2024090809",NA,NA,"202409080sea",NA,"401671664",NA,7,7,185,-225,5,-110,-110,42.5,-110,-110,0,"outdoors","fieldturf",NA,NA,"00-0039732","00-0030565","Bo Nix","Geno Smith","Sean Payton","Mike Macdonald",NA,"SEA00","Lumen Field"
"13","2024_01_DAL_CLE",2024,"REG",1,"2024-09-08","Sunday","16:25","DAL",NA,"CLE",NA,"Home",NA,NA,NA,"2024090810",NA,NA,"202409080cle",NA,"401671761",NA,7,7,114,-135,2.5,-110,-110,43,-110,-110,0,"outdoors","grass",NA,NA,"00-0033077","00-0033537","Dak Prescott","Deshaun Watson","Mike McCarthy","Kevin Stefanski",NA,"CLE00","FirstEnergy Stadium"
"14","2024_01_WAS_TB",2024,"REG",1,"2024-09-08","Sunday","16:25","WAS",NA,"TB",NA,"Home",NA,NA,NA,"2024090811",NA,NA,"202409080tam",NA,"401671770",NA,7,7,136,-162,3,-110,-110,42,-112,-108,0,"outdoors","grass",NA,NA,"00-0039910","00-0034855","Jayden Daniels","Baker Mayfield","Dan Quinn","Todd Bowles",NA,"TAM00","Raymond James Stadium"
"15","2024_01_LA_DET",2024,"REG",1,"2024-09-08","Sunday","20:20","LA",NA,"DET",NA,"Home",NA,NA,NA,"2024090812",NA,NA,"202409080det",NA,"401671792",NA,7,7,150,-180,3.5,-112,-108,51,-110,-110,0,"dome","fieldturf",NA,NA,"00-0026498","00-0033106","Matthew Stafford","Jared Goff","Sean McVay","Dan Campbell",NA,"DET00","Ford Field"
"16","2024_01_NYJ_SF",2024,"REG",1,"2024-09-09","Monday","20:15","NYJ",NA,"SF",NA,"Home",NA,NA,NA,"2024090900",NA,NA,"202409090sfo",NA,"401671696",NA,7,7,164,-198,4,-112,-108,44,-108,-112,0,"outdoors","grass",NA,NA,"00-0023459","00-0037834","Aaron Rodgers","Brock Purdy","Robert Saleh","Kyle Shanahan",NA,"SFO01","Levi's Stadium"
"17","2024_02_BUF_MIA",2024,"REG",2,"2024-09-12","Thursday","20:15","BUF",NA,"MIA",NA,"Home",NA,NA,NA,"2024091200",NA,NA,"202409120mia",NA,"401671807",NA,4,4,NA,NA,NA,NA,NA,NA,NA,NA,1,"outdoors","grass",NA,NA,"00-0034857","00-0036212","Josh Allen","Tua Tagovailoa","Sean McDermott","Mike McDaniel",NA,"MIA00","Hard Rock Stadium"
"18","2024_02_LV_BAL",2024,"REG",2,"2024-09-15","Sunday","13:00","LV",NA,"BAL",NA,"Home",NA,NA,NA,"2024091500",NA,NA,"202409150rav",NA,"401671624",NA,7,10,NA,NA,NA,NA,NA,NA,NA,NA,0,"outdoors","grass",NA,NA,"00-0035289","00-0034796","Gardner Minshew","Lamar Jackson","Antonio Pierce","John Harbaugh",NA,"BAL00","M&T Bank Stadium"
"19","2024_02_LAC_CAR",2024,"REG",2,"2024-09-15","Sunday","13:00","LAC",NA,"CAR",NA,"Home",NA,NA,NA,"2024091501",NA,NA,"202409150car",NA,"401671652",NA,7,7,NA,NA,NA,NA,NA,NA,NA,NA,0,"outdoors","grass",NA,NA,"00-0036355","00-0039150","Justin Herbert","Bryce Young","Jim Harbaugh","Dave Canales",NA,"CAR00","Bank of America Stadium"
"20","2024_02_NO_DAL",2024,"REG",2,"2024-09-15","Sunday","13:00","NO",NA,"DAL",NA,"Home",NA,NA,NA,"2024091502",NA,NA,"202409150dal",NA,"401671709",NA,7,7,NA,NA,NA,NA,NA,NA,NA,NA,0,"closed","matrixturf",NA,NA,"00-0031280","00-0033077","Derek Carr","Dak Prescott","Dennis Allen","Mike McCarthy",NA,"DAL00","AT&T Stadium"
"21","2024_02_TB_DET",2024,"REG",2,"2024-09-15","Sunday","13:00","TB",NA,"DET",NA,"Home",NA,NA,NA,"2024091503",NA,NA,"202409150det",NA,"401671721",NA,7,7,NA,NA,NA,NA,NA,NA,NA,NA,0,"dome","fieldturf",NA,NA,"00-0034855","00-0033106","Baker Mayfield","Jared Goff","Todd Bowles","Dan Campbell",NA,"DET00","Ford Field"
"22","2024_02_IND_GB",2024,"REG",2,"2024-09-15","Sunday","13:00","IND",NA,"GB",NA,"Home",NA,NA,NA,"2024091504",NA,NA,"202409150gnb",NA,"401671723",NA,7,9,NA,NA,NA,NA,NA,NA,NA,NA,0,"outdoors","grass",NA,NA,"00-0039164","00-0036264","Anthony Richardson","Jordan Love","Shane Steichen","Matt LaFleur",NA,"GNB00","Lambeau Field"
"23","2024_02_CLE_JAX",2024,"REG",2,"2024-09-15","Sunday","13:00","CLE",NA,"JAX",NA,"Home",NA,NA,NA,"2024091505",NA,NA,"202409150jax",NA,"401671635",NA,7,7,NA,NA,NA,NA,NA,NA,NA,NA,0,"outdoors","grass",NA,NA,"00-0033537","00-0036971","Deshaun Watson","Trevor Lawrence","Kevin Stefanski","Doug Pederson",NA,"JAX00","TIAA Bank Stadium"
"24","2024_02_SF_MIN",2024,"REG",2,"2024-09-15","Sunday","13:00","SF",NA,"MIN",NA,"Home",NA,NA,NA,"2024091506",NA,NA,"202409150min",NA,"401671645",NA,6,7,NA,NA,NA,NA,NA,NA,NA,NA,0,"dome","sportturf",NA,NA,"00-0037834","00-0034869","Brock Purdy","Sam Darnold","Kyle Shanahan","Kevin O'Connell",NA,"MIN01","U.S. Bank Stadium"
"25","2024_02_SEA_NE",2024,"REG",2,"2024-09-15","Sunday","13:00","SEA",NA,"NE",NA,"Home",NA,NA,NA,"2024091507",NA,NA,"202409150nwe",NA,"401671702",NA,7,7,NA,NA,NA,NA,NA,NA,NA,NA,0,"outdoors","fieldturf",NA,NA,"00-0030565","00-0033119","Geno Smith","Jacoby Brissett","Mike Macdonald","Jerod Mayo",NA,"BOS00","Gillette Stadium"
"26","2024_02_NYJ_TEN",2024,"REG",2,"2024-09-15","Sunday","13:00","NYJ",NA,"TEN",NA,"Home",NA,NA,NA,"2024091508",NA,NA,"202409150oti",NA,"401671636",NA,6,7,NA,NA,NA,NA,NA,NA,NA,NA,0,"outdoors","grass",NA,NA,"00-0023459","00-0039152","Aaron Rodgers","Will Levis","Robert Saleh","Brian Callahan",NA,"NAS00","Nissan Stadium"
"27","2024_02_NYG_WAS",2024,"REG",2,"2024-09-15","Sunday","13:00","NYG",NA,"WAS",NA,"Home",NA,NA,NA,"2024091509",NA,NA,"202409150was",NA,"401671716",NA,7,7,NA,NA,NA,NA,NA,NA,NA,NA,1,"outdoors","grass",NA,NA,"00-0035710","00-0039910","Daniel Jones","Jayden Daniels","Brian Daboll","Dan Quinn",NA,"WAS00","FedExField"
"28","2024_02_LA_ARI",2024,"REG",2,"2024-09-15","Sunday","16:05","LA",NA,"ARI",NA,"Home",NA,NA,NA,"2024091510",NA,NA,"202409150crd",NA,"401671754",NA,7,7,NA,NA,NA,NA,NA,NA,NA,NA,1,"closed","grass",NA,NA,"00-0026498","00-0035228","Matthew Stafford","Kyler Murray","Sean McVay","Jonathan Gannon",NA,"PHO00","State Farm Stadium"
"29","2024_02_PIT_DEN",2024,"REG",2,"2024-09-15","Sunday","16:25","PIT",NA,"DEN",NA,"Home",NA,NA,NA,"2024091511",NA,NA,"202409150den",NA,"401671668",NA,7,7,NA,NA,NA,NA,NA,NA,NA,NA,0,"outdoors","grass",NA,NA,"00-0029263","00-0039732","Russell Wilson","Bo Nix","Mike Tomlin","Sean Payton",NA,"DEN00","Empower Field at Mile High"
"30","2024_02_CIN_KC",2024,"REG",2,"2024-09-15","Sunday","16:25","CIN",NA,"KC",NA,"Home",NA,NA,NA,"2024091512",NA,NA,"202409150kan",NA,"401671670",NA,7,10,NA,NA,NA,NA,NA,NA,NA,NA,0,"outdoors","grass",NA,NA,"00-0036442","00-0033873","Joe Burrow","Patrick Mahomes","Zac Taylor","Andy Reid",NA,"KAN00","GEHA Field at Arrowhead Stadium"
"31","2024_02_CHI_HOU",2024,"REG",2,"2024-09-15","Sunday","20:20","CHI",NA,"HOU",NA,"Home",NA,NA,NA,"2024091513",NA,NA,"202409150htx",NA,"401671786",NA,7,7,NA,NA,NA,NA,NA,NA,NA,NA,0,"closed","astroturf",NA,NA,"00-0039918","00-0039163","Caleb Williams","C.J. Stroud","Matt Eberflus","DeMeco Ryans",NA,"HOU00","NRG Stadium"
"32","2024_02_ATL_PHI",2024,"REG",2,"2024-09-16","Monday","20:15","ATL",NA,"PHI",NA,"Home",NA,NA,NA,"2024091600",NA,NA,"202409160phi",NA,"401671691",NA,8,10,NA,NA,NA,NA,NA,NA,NA,NA,0,"outdoors","grass",NA,NA,"00-0029604","00-0036389","Kirk Cousins","Jalen Hurts","Raheem Morris","Nick Sirianni",NA,"PHI00","Lincoln Financial Field"
"33","2024_03_NE_NYJ",2024,"REG",3,"2024-09-19","Thursday","20:15","NE",NA,"NYJ",NA,"Home",NA,NA,NA,"2024091900",NA,NA,"202409190nyj",NA,"401671808",NA,4,4,NA,NA,NA,NA,NA,NA,NA,NA,1,"outdoors","fieldturf",NA,NA,NA,NA,NA,NA,"Jerod Mayo","Robert Saleh",NA,"NYC01","MetLife Stadium"
"34","2024_03_NYG_CLE",2024,"REG",3,"2024-09-22","Sunday","13:00","NYG",NA,"CLE",NA,"Home",NA,NA,NA,"2024092200",NA,NA,"202409220cle",NA,"401671855",NA,7,7,NA,NA,NA,NA,NA,NA,NA,NA,0,"outdoors","grass",NA,NA,NA,NA,NA,NA,"Brian Daboll","Kevin Stefanski",NA,"CLE00","FirstEnergy Stadium"
"35","2024_03_CHI_IND",2024,"REG",3,"2024-09-22","Sunday","13:00","CHI",NA,"IND",NA,"Home",NA,NA,NA,"2024092201",NA,NA,"202409220clt",NA,"401671865",NA,7,7,NA,NA,NA,NA,NA,NA,NA,NA,0,"closed","fieldturf",NA,NA,NA,NA,NA,NA,"Matt Eberflus","Shane Steichen",NA,"IND00","Lucas Oil Stadium"
"36","2024_03_HOU_MIN",2024,"REG",3,"2024-09-22","Sunday","13:00","HOU",NA,"MIN",NA,"Home",NA,NA,NA,"2024092202",NA,NA,"202409220min",NA,"401671646",NA,7,7,NA,NA,NA,NA,NA,NA,NA,NA,0,"dome","sportturf",NA,NA,NA,NA,NA,NA,"DeMeco Ryans","Kevin O'Connell",NA,"MIN01","U.S. Bank Stadium"
"37","2024_03_PHI_NO",2024,"REG",3,"2024-09-22","Sunday","13:00","PHI",NA,"NO",NA,"Home",NA,NA,NA,"2024092203",NA,NA,"202409220nor",NA,"401671736",NA,6,7,NA,NA,NA,NA,NA,NA,NA,NA,0,"dome","sportturf",NA,NA,NA,NA,NA,NA,"Nick Sirianni","Dennis Allen",NA,"NOR00","Mercedes-Benz Superdome"
"38","2024_03_LAC_PIT",2024,"REG",3,"2024-09-22","Sunday","13:00","LAC",NA,"PIT",NA,"Home",NA,NA,NA,"2024092204",NA,NA,"202409220pit",NA,"401671632",NA,7,7,NA,NA,NA,NA,NA,NA,NA,NA,0,"outdoors","grass",NA,NA,NA,NA,NA,NA,"Jim Harbaugh","Mike Tomlin",NA,"PIT00","Acrisure Stadium"
"39","2024_03_DEN_TB",2024,"REG",3,"2024-09-22","Sunday","13:00","DEN",NA,"TB",NA,"Home",NA,NA,NA,"2024092205",NA,NA,"202409220tam",NA,"401671741",NA,7,7,NA,NA,NA,NA,NA,NA,NA,NA,0,"outdoors","grass",NA,NA,NA,NA,NA,NA,"Sean Payton","Todd Bowles",NA,"TAM00","Raymond James Stadium"
"40","2024_03_GB_TEN",2024,"REG",3,"2024-09-22","Sunday","13:00","GB",NA,"TEN",NA,"Home",NA,NA,NA,"2024092206",NA,NA,"202409220oti",NA,"401671823",NA,7,7,NA,NA,NA,NA,NA,NA,NA,NA,0,"outdoors","grass",NA,NA,NA,NA,NA,NA,"Matt LaFleur","Brian Callahan",NA,"NAS00","Nissan Stadium"
"41","2024_03_CAR_LV",2024,"REG",3,"2024-09-22","Sunday","16:05","CAR",NA,"LV",NA,"Home",NA,NA,NA,"2024092207",NA,NA,"202409220rai",NA,"401671658",NA,7,7,NA,NA,NA,NA,NA,NA,NA,NA,0,"dome","grass",NA,NA,NA,NA,NA,NA,"Dave Canales","Antonio Pierce",NA,"VEG00","Allegiant Stadium"
"42","2024_03_MIA_SEA",2024,"REG",3,"2024-09-22","Sunday","16:05","MIA",NA,"SEA",NA,"Home",NA,NA,NA,"2024092208",NA,NA,"202409220sea",NA,"401671662",NA,10,7,NA,NA,NA,NA,NA,NA,NA,NA,0,"outdoors","fieldturf",NA,NA,NA,NA,NA,NA,"Mike McDaniel","Mike Macdonald",NA,"SEA00","Lumen Field"
"43","2024_03_DET_ARI",2024,"REG",3,"2024-09-22","Sunday","16:25","DET",NA,"ARI",NA,"Home",NA,NA,NA,"2024092209",NA,NA,"202409220crd",NA,"401671771",NA,7,7,NA,NA,NA,NA,NA,NA,NA,NA,0,"closed","grass",NA,NA,NA,NA,NA,NA,"Dan Campbell","Jonathan Gannon",NA,"PHO00","State Farm Stadium"
"44","2024_03_BAL_DAL",2024,"REG",3,"2024-09-22","Sunday","16:25","BAL",NA,"DAL",NA,"Home",NA,NA,NA,"2024092210",NA,NA,"202409220dal",NA,"401671763",NA,7,7,NA,NA,NA,NA,NA,NA,NA,NA,0,"closed","matrixturf",NA,NA,NA,NA,NA,NA,"John Harbaugh","Mike McCarthy",NA,"DAL00","AT&T Stadium"
"45","2024_03_SF_LA",2024,"REG",3,"2024-09-22","Sunday","16:25","SF",NA,"LA",NA,"Home",NA,NA,NA,"2024092211",NA,NA,"202409220ram",NA,"401671772",NA,7,7,NA,NA,NA,NA,NA,NA,NA,NA,1,"dome","matrixturf",NA,NA,NA,NA,NA,NA,"Kyle Shanahan","Sean McVay",NA,"LAX01","SoFi Stadium"
"46","2024_03_KC_ATL",2024,"REG",3,"2024-09-22","Sunday","20:20","KC",NA,"ATL",NA,"Home",NA,NA,NA,"2024092212",NA,NA,"202409220atl",NA,"401671793",NA,7,6,NA,NA,NA,NA,NA,NA,NA,NA,0,"closed","fieldturf",NA,NA,NA,NA,NA,NA,"Andy Reid","Raheem Morris",NA,"ATL97","Mercedes-Benz Stadium"
"47","2024_03_JAX_BUF",2024,"REG",3,"2024-09-23","Monday","19:30","JAX",NA,"BUF",NA,"Home",NA,NA,NA,"2024092300",NA,NA,"202409230buf",NA,"401671682",NA,8,11,NA,NA,NA,NA,NA,NA,NA,NA,0,"outdoors","a_turf",NA,NA,NA,NA,NA,NA,"Doug Pederson","Sean McDermott",NA,"BUF00","New Era Field"
"48","2024_03_WAS_CIN",2024,"REG",3,"2024-09-23","Monday","20:15","WAS",NA,"CIN",NA,"Home",NA,NA,NA,"2024092301",NA,NA,"202409230cin",NA,"401671490",NA,8,8,NA,NA,NA,NA,NA,NA,NA,NA,0,"outdoors","fieldturf",NA,NA,NA,NA,NA,NA,"Dan Quinn","Zac Taylor",NA,"CIN00","Paycor Stadium"
"49","2024_04_DAL_NYG",2024,"REG",4,"2024-09-26","Thursday","20:15","DAL",NA,"NYG",NA,"Home",NA,NA,NA,"2024092600",NA,NA,"202409260nyg",NA,"401671812",NA,4,4,NA,NA,NA,NA,NA,NA,NA,NA,1,"outdoors","fieldturf",NA,NA,NA,NA,NA,NA,"Mike McCarthy","Brian Daboll",NA,"NYC01","MetLife Stadium"
"50","2024_04_NO_ATL",2024,"REG",4,"2024-09-29","Sunday","13:00","NO",NA,"ATL",NA,"Home",NA,NA,NA,"2024092900",NA,NA,"202409290atl",NA,"401671727",NA,7,7,NA,NA,NA,NA,NA,NA,NA,NA,1,"closed","fieldturf",NA,NA,NA,NA,NA,NA,"Dennis Allen","Raheem Morris",NA,"ATL97","Mercedes-Benz Stadium"
"51","2024_04_CIN_CAR",2024,"REG",4,"2024-09-29","Sunday","13:00","CIN",NA,"CAR",NA,"Home",NA,NA,NA,"2024092901",NA,NA,"202409290car",NA,"401671745",NA,6,7,NA,NA,NA,NA,NA,NA,NA,NA,0,"outdoors","grass",NA,NA,NA,NA,NA,NA,"Zac Taylor","Dave Canales",NA,"CAR00","Bank of America Stadium"
"52","2024_04_LA_CHI",2024,"REG",4,"2024-09-29","Sunday","13:00","LA",NA,"CHI",NA,"Home",NA,NA,NA,"2024092902",NA,NA,"202409290chi",NA,"401671871",NA,7,7,NA,NA,NA,NA,NA,NA,NA,NA,0,"outdoors","grass",NA,NA,NA,NA,NA,NA,"Sean McVay","Matt Eberflus",NA,"CHI98","Soldier Field"
"53","2024_04_MIN_GB",2024,"REG",4,"2024-09-29","Sunday","13:00","MIN",NA,"GB",NA,"Home",NA,NA,NA,"2024092903",NA,NA,"202409290gnb",NA,"401671643",NA,7,7,NA,NA,NA,NA,NA,NA,NA,NA,1,"outdoors","grass",NA,NA,NA,NA,NA,NA,"Kevin O'Connell","Matt LaFleur",NA,"GNB00","Lambeau Field"
"54","2024_04_JAX_HOU",2024,"REG",4,"2024-09-29","Sunday","13:00","JAX",NA,"HOU",NA,"Home",NA,NA,NA,"2024092904",NA,NA,"202409290htx",NA,"401671857",NA,6,7,NA,NA,NA,NA,NA,NA,NA,NA,1,"closed","astroturf",NA,NA,NA,NA,NA,NA,"Doug Pederson","DeMeco Ryans",NA,"HOU00","NRG Stadium"
"55","2024_04_PIT_IND",2024,"REG",4,"2024-09-29","Sunday","13:00","PIT",NA,"IND",NA,"Home",NA,NA,NA,"2024092905",NA,NA,"202409290clt",NA,"401671867",NA,7,7,NA,NA,NA,NA,NA,NA,NA,NA,0,"closed","fieldturf",NA,NA,NA,NA,NA,NA,"Mike Tomlin","Shane Steichen",NA,"IND00","Lucas Oil Stadium"
"56","2024_04_DEN_NYJ",2024,"REG",4,"2024-09-29","Sunday","13:00","DEN",NA,"NYJ",NA,"Home",NA,NA,NA,"2024092906",NA,NA,"202409290nyj",NA,"401671622",NA,7,10,NA,NA,NA,NA,NA,NA,NA,NA,0,"outdoors","fieldturf",NA,NA,NA,NA,NA,NA,"Sean Payton","Robert Saleh",NA,"NYC01","MetLife Stadium"
"57","2024_04_PHI_TB",2024,"REG",4,"2024-09-29","Sunday","13:00","PHI",NA,"TB",NA,"Home",NA,NA,NA,"2024092907",NA,NA,"202409290tam",NA,"401671740",NA,7,7,NA,NA,NA,NA,NA,NA,NA,NA,0,"outdoors","grass",NA,NA,NA,NA,NA,NA,"Nick Sirianni","Todd Bowles",NA,"TAM00","Raymond James Stadium"
"58","2024_04_WAS_ARI",2024,"REG",4,"2024-09-29","Sunday","16:05","WAS",NA,"ARI",NA,"Home",NA,NA,NA,"2024092908",NA,NA,"202409290crd",NA,"401671755",NA,6,7,NA,NA,NA,NA,NA,NA,NA,NA,0,"closed","grass",NA,NA,NA,NA,NA,NA,"Dan Quinn","Jonathan Gannon",NA,"PHO00","State Farm Stadium"
"59","2024_04_NE_SF",2024,"REG",4,"2024-09-29","Sunday","16:05","NE",NA,"SF",NA,"Home",NA,NA,NA,"2024092909",NA,NA,"202409290sfo",NA,"401671758",NA,10,7,NA,NA,NA,NA,NA,NA,NA,NA,0,"outdoors","grass",NA,NA,NA,NA,NA,NA,"Jerod Mayo","Kyle Shanahan",NA,"SFO01","Levi's Stadium"
"60","2024_04_KC_LAC",2024,"REG",4,"2024-09-29","Sunday","16:25","KC",NA,"LAC",NA,"Home",NA,NA,NA,"2024092910",NA,NA,"202409290sdg",NA,"401671674",NA,7,7,NA,NA,NA,NA,NA,NA,NA,NA,1,"dome","matrixturf",NA,NA,NA,NA,NA,NA,"Andy Reid","Jim Harbaugh",NA,"LAX01","SoFi Stadium"
"61","2024_04_CLE_LV",2024,"REG",4,"2024-09-29","Sunday","16:25","CLE",NA,"LV",NA,"Home",NA,NA,NA,"2024092911",NA,NA,"202409290rai",NA,"401671672",NA,7,7,NA,NA,NA,NA,NA,NA,NA,NA,0,"dome","grass",NA,NA,NA,NA,NA,NA,"Kevin Stefanski","Antonio Pierce",NA,"VEG00","Allegiant Stadium"
"62","2024_04_BUF_BAL",2024,"REG",4,"2024-09-29","Sunday","20:20","BUF",NA,"BAL",NA,"Home",NA,NA,NA,"2024092912",NA,NA,"202409290rav",NA,"401671783",NA,6,7,NA,NA,NA,NA,NA,NA,NA,NA,0,"outdoors","grass",NA,NA,NA,NA,NA,NA,"Sean McDermott","John Harbaugh",NA,"BAL00","M&T Bank Stadium"
"63","2024_04_TEN_MIA",2024,"REG",4,"2024-09-30","Monday","19:30","TEN",NA,"MIA",NA,"Home",NA,NA,NA,"2024093000",NA,NA,"202409300mia",NA,"401671683",NA,8,8,NA,NA,NA,NA,NA,NA,NA,NA,0,"outdoors","grass",NA,NA,NA,NA,NA,NA,"Brian Callahan","Mike McDaniel",NA,"MIA00","Hard Rock Stadium"
"64","2024_04_SEA_DET",2024,"REG",4,"2024-09-30","Monday","20:15","SEA",NA,"DET",NA,"Home",NA,NA,NA,"2024093001",NA,NA,"202409300det",NA,"401671491",NA,8,8,NA,NA,NA,NA,NA,NA,NA,NA,0,"dome","fieldturf",NA,NA,NA,NA,NA,NA,"Mike Macdonald","Dan Campbell",NA,"DET00","Ford Field"
"65","2024_05_TB_ATL",2024,"REG",5,"2024-10-03","Thursday","20:15","TB",NA,"ATL",NA,"Home",NA,NA,NA,"2024100300",NA,NA,"202410030atl",NA,"401671815",NA,4,4,NA,NA,NA,NA,NA,NA,NA,NA,1,"closed","fieldturf",NA,NA,NA,NA,NA,NA,"Todd Bowles","Raheem Morris",NA,"ATL97","Mercedes-Benz Stadium"
"66","2024_05_NYJ_MIN",2024,"REG",5,"2024-10-06","Sunday","09:30","NYJ",NA,"MIN",NA,"Neutral",NA,NA,NA,"2024100600",NA,NA,"202410060min",NA,"401671804",NA,7,7,NA,NA,NA,NA,NA,NA,NA,NA,0,"dome","sportturf",NA,NA,NA,NA,NA,NA,"Robert Saleh","Kevin O'Connell",NA,"MIN01","U.S. Bank Stadium"
"67","2024_05_CAR_CHI",2024,"REG",5,"2024-10-06","Sunday","13:00","CAR",NA,"CHI",NA,"Home",NA,NA,NA,"2024100601",NA,NA,"202410060chi",NA,"401671872",NA,7,7,NA,NA,NA,NA,NA,NA,NA,NA,0,"outdoors","grass",NA,NA,NA,NA,NA,NA,"Dave Canales","Matt Eberflus",NA,"CHI98","Soldier Field"
"68","2024_05_BAL_CIN",2024,"REG",5,"2024-10-06","Sunday","13:00","BAL",NA,"CIN",NA,"Home",NA,NA,NA,"2024100602",NA,NA,"202410060cin",NA,"401671626",NA,7,7,NA,NA,NA,NA,NA,NA,NA,NA,1,"outdoors","fieldturf",NA,NA,NA,NA,NA,NA,"John Harbaugh","Zac Taylor",NA,"CIN00","Paycor Stadium"
"69","2024_05_BUF_HOU",2024,"REG",5,"2024-10-06","Sunday","13:00","BUF",NA,"HOU",NA,"Home",NA,NA,NA,"2024100603",NA,NA,"202410060htx",NA,"401671859",NA,7,7,NA,NA,NA,NA,NA,NA,NA,NA,0,"closed","astroturf",NA,NA,NA,NA,NA,NA,"Sean McDermott","DeMeco Ryans",NA,"HOU00","NRG Stadium"
"70","2024_05_IND_JAX",2024,"REG",5,"2024-10-06","Sunday","13:00","IND",NA,"JAX",NA,"Home",NA,NA,NA,"2024100604",NA,NA,"202410060jax",NA,"401671633",NA,7,7,NA,NA,NA,NA,NA,NA,NA,NA,1,"outdoors","grass",NA,NA,NA,NA,NA,NA,"Shane Steichen","Doug Pederson",NA,"JAX00","TIAA Bank Stadium"
"71","2024_05_MIA_NE",2024,"REG",5,"2024-10-06","Sunday","13:00","MIA",NA,"NE",NA,"Home",NA,NA,NA,"2024100605",NA,NA,"202410060nwe",NA,"401671700",NA,6,7,NA,NA,NA,NA,NA,NA,NA,NA,1,"outdoors","fieldturf",NA,NA,NA,NA,NA,NA,"Mike McDaniel","Jerod Mayo",NA,"BOS00","Gillette Stadium"
"72","2024_05_CLE_WAS",2024,"REG",5,"2024-10-06","Sunday","13:00","CLE",NA,"WAS",NA,"Home",NA,NA,NA,"2024100606",NA,NA,"202410060was",NA,"401671718",NA,7,7,NA,NA,NA,NA,NA,NA,NA,NA,0,"outdoors","grass",NA,NA,NA,NA,NA,NA,"Kevin Stefanski","Dan Quinn",NA,"WAS00","FedExField"
"73","2024_05_LV_DEN",2024,"REG",5,"2024-10-06","Sunday","16:05","LV",NA,"DEN",NA,"Home",NA,NA,NA,"2024100607",NA,NA,"202410060den",NA,"401671747",NA,7,7,NA,NA,NA,NA,NA,NA,NA,NA,1,"outdoors","grass",NA,NA,NA,NA,NA,NA,"Antonio Pierce","Sean Payton",NA,"DEN00","Empower Field at Mile High"
"74","2024_05_ARI_SF",2024,"REG",5,"2024-10-06","Sunday","16:05","ARI",NA,"SF",NA,"Home",NA,NA,NA,"2024100608",NA,NA,"202410060sfo",NA,"401671756",NA,7,7,NA,NA,NA,NA,NA,NA,NA,NA,1,"outdoors","grass",NA,NA,NA,NA,NA,NA,"Jonathan Gannon","Kyle Shanahan",NA,"SFO01","Levi's Stadium"
"75","2024_05_GB_LA",2024,"REG",5,"2024-10-06","Sunday","16:25","GB",NA,"LA",NA,"Home",NA,NA,NA,"2024100609",NA,NA,"202410060ram",NA,"401671679",NA,7,7,NA,NA,NA,NA,NA,NA,NA,NA,0,"dome","matrixturf",NA,NA,NA,NA,NA,NA,"Matt LaFleur","Sean McVay",NA,"LAX01","SoFi Stadium"
"76","2024_05_NYG_SEA",2024,"REG",5,"2024-10-06","Sunday","16:25","NYG",NA,"SEA",NA,"Home",NA,NA,NA,"2024100610",NA,NA,"202410060sea",NA,"401671680",NA,10,6,NA,NA,NA,NA,NA,NA,NA,NA,0,"outdoors","fieldturf",NA,NA,NA,NA,NA,NA,"Brian Daboll","Mike Macdonald",NA,"SEA00","Lumen Field"
"77","2024_05_DAL_PIT",2024,"REG",5,"2024-10-06","Sunday","20:20","DAL",NA,"PIT",NA,"Home",NA,NA,NA,"2024100611",NA,NA,"202410060pit",NA,"401671784",NA,10,7,NA,NA,NA,NA,NA,NA,NA,NA,0,"outdoors","grass",NA,NA,NA,NA,NA,NA,"Mike McCarthy","Mike Tomlin",NA,"PIT00","Acrisure Stadium"
"78","2024_05_NO_KC",2024,"REG",5,"2024-10-07","Monday","20:15","NO",NA,"KC",NA,"Home",NA,NA,NA,"2024100700",NA,NA,"202410070kan",NA,"401671687",NA,8,8,NA,NA,NA,NA,NA,NA,NA,NA,0,"outdoors","grass",NA,NA,NA,NA,NA,NA,"Dennis Allen","Andy Reid",NA,"KAN00","GEHA Field at Arrowhead Stadium"
"79","2024_06_SF_SEA",2024,"REG",6,"2024-10-10","Thursday","20:15","SF",NA,"SEA",NA,"Home",NA,NA,NA,"2024101000",NA,NA,"202410100sea",NA,"401671819",NA,4,4,NA,NA,NA,NA,NA,NA,NA,NA,1,"outdoors","fieldturf",NA,NA,NA,NA,NA,NA,"Kyle Shanahan","Mike Macdonald",NA,"SEA00","Lumen Field"
"80","2024_06_JAX_CHI",2024,"REG",6,"2024-10-13","Sunday","09:30","JAX",NA,"CHI",NA,"Neutral",NA,NA,NA,"2024101300",NA,NA,"202410130chi",NA,"401671802",NA,7,7,NA,NA,NA,NA,NA,NA,NA,NA,0,"outdoors","grass",NA,NA,NA,NA,NA,NA,"Doug Pederson","Matt Eberflus",NA,"CHI98","Soldier Field"
"81","2024_06_WAS_BAL",2024,"REG",6,"2024-10-13","Sunday","13:00","WAS",NA,"BAL",NA,"Home",NA,NA,NA,"2024101301",NA,NA,"202410130rav",NA,"401671625",NA,7,7,NA,NA,NA,NA,NA,NA,NA,NA,0,"outdoors","grass",NA,NA,NA,NA,NA,NA,"Dan Quinn","John Harbaugh",NA,"BAL00","M&T Bank Stadium"
"82","2024_06_ARI_GB",2024,"REG",6,"2024-10-13","Sunday","13:00","ARI",NA,"GB",NA,"Home",NA,NA,NA,"2024101302",NA,NA,"202410130gnb",NA,"401671722",NA,7,7,NA,NA,NA,NA,NA,NA,NA,NA,0,"outdoors","grass",NA,NA,NA,NA,NA,NA,"Jonathan Gannon","Matt LaFleur",NA,"GNB00","Lambeau Field"
"83","2024_06_HOU_NE",2024,"REG",6,"2024-10-13","Sunday","13:00","HOU",NA,"NE",NA,"Home",NA,NA,NA,"2024101303",NA,NA,"202410130nwe",NA,"401671619",NA,7,7,NA,NA,NA,NA,NA,NA,NA,NA,0,"outdoors","fieldturf",NA,NA,NA,NA,NA,NA,"DeMeco Ryans","Jerod Mayo",NA,"BOS00","Gillette Stadium"
"84","2024_06_TB_NO",2024,"REG",6,"2024-10-13","Sunday","13:00","TB",NA,"NO",NA,"Home",NA,NA,NA,"2024101304",NA,NA,"202410130nor",NA,"401671735",NA,10,6,NA,NA,NA,NA,NA,NA,NA,NA,1,"dome","sportturf",NA,NA,NA,NA,NA,NA,"Todd Bowles","Dennis Allen",NA,"NOR00","Mercedes-Benz Superdome"
"85","2024_06_CLE_PHI",2024,"REG",6,"2024-10-13","Sunday","13:00","CLE",NA,"PHI",NA,"Home",NA,NA,NA,"2024101305",NA,NA,"202410130phi",NA,"401671714",NA,7,14,NA,NA,NA,NA,NA,NA,NA,NA,0,"outdoors","grass",NA,NA,NA,NA,NA,NA,"Kevin Stefanski","Nick Sirianni",NA,"PHI00","Lincoln Financial Field"
"86","2024_06_IND_TEN",2024,"REG",6,"2024-10-13","Sunday","13:00","IND",NA,"TEN",NA,"Home",NA,NA,NA,"2024101306",NA,NA,"202410130oti",NA,"401671820",NA,7,13,NA,NA,NA,NA,NA,NA,NA,NA,1,"outdoors","grass",NA,NA,NA,NA,NA,NA,"Shane Steichen","Brian Callahan",NA,"NAS00","Nissan Stadium"
"87","2024_06_LAC_DEN",2024,"REG",6,"2024-10-13","Sunday","16:05","LAC",NA,"DEN",NA,"Home",NA,NA,NA,"2024101307",NA,NA,"202410130den",NA,"401671655",NA,14,7,NA,NA,NA,NA,NA,NA,NA,NA,1,"outdoors","grass",NA,NA,NA,NA,NA,NA,"Jim Harbaugh","Sean Payton",NA,"DEN00","Empower Field at Mile High"
"88","2024_06_PIT_LV",2024,"REG",6,"2024-10-13","Sunday","16:05","PIT",NA,"LV",NA,"Home",NA,NA,NA,"2024101308",NA,NA,"202410130rai",NA,"401671657",NA,7,7,NA,NA,NA,NA,NA,NA,NA,NA,0,"dome","grass",NA,NA,NA,NA,NA,NA,"Mike Tomlin","Antonio Pierce",NA,"VEG00","Allegiant Stadium"
"89","2024_06_ATL_CAR",2024,"REG",6,"2024-10-13","Sunday","16:25","ATL",NA,"CAR",NA,"Home",NA,NA,NA,"2024101309",NA,NA,"202410130car",NA,"401671769",NA,10,7,NA,NA,NA,NA,NA,NA,NA,NA,1,"outdoors","grass",NA,NA,NA,NA,NA,NA,"Raheem Morris","Dave Canales",NA,"CAR00","Bank of America Stadium"
"90","2024_06_DET_DAL",2024,"REG",6,"2024-10-13","Sunday","16:25","DET",NA,"DAL",NA,"Home",NA,NA,NA,"2024101310",NA,NA,"202410130dal",NA,"401671764",NA,13,7,NA,NA,NA,NA,NA,NA,NA,NA,0,"closed","matrixturf",NA,NA,NA,NA,NA,NA,"Dan Campbell","Mike McCarthy",NA,"DAL00","AT&T Stadium"
"91","2024_06_CIN_NYG",2024,"REG",6,"2024-10-13","Sunday","20:20","CIN",NA,"NYG",NA,"Home",NA,NA,NA,"2024101311",NA,NA,"202410130nyg",NA,"401671791",NA,7,7,NA,NA,NA,NA,NA,NA,NA,NA,0,"outdoors","fieldturf",NA,NA,NA,NA,NA,NA,"Zac Taylor","Brian Daboll",NA,"NYC01","MetLife Stadium"
"92","2024_06_BUF_NYJ",2024,"REG",6,"2024-10-14","Monday","20:15","BUF",NA,"NYJ",NA,"Home",NA,NA,NA,"2024101400",NA,NA,"202410140nyj",NA,"401671684",NA,8,8,NA,NA,NA,NA,NA,NA,NA,NA,1,"outdoors","fieldturf",NA,NA,NA,NA,NA,NA,"Sean McDermott","Robert Saleh",NA,"NYC01","MetLife Stadium"
"93","2024_07_DEN_NO",2024,"REG",7,"2024-10-17","Thursday","20:15","DEN",NA,"NO",NA,"Home",NA,NA,NA,"2024101700",NA,NA,"202410170nor",NA,"401671816",NA,4,4,NA,NA,NA,NA,NA,NA,NA,NA,0,"dome","sportturf",NA,NA,NA,NA,NA,NA,"Sean Payton","Dennis Allen",NA,"NOR00","Mercedes-Benz Superdome"
"94","2024_07_NE_JAX",2024,"REG",7,"2024-10-20","Sunday","09:30","NE",NA,"JAX",NA,"Neutral",NA,NA,NA,"2024102000",NA,NA,"202410200jax",NA,"401671801",NA,7,7,NA,NA,NA,NA,NA,NA,NA,NA,0,"outdoors","grass",NA,NA,NA,NA,NA,NA,"Jerod Mayo","Doug Pederson",NA,"JAX00","TIAA Bank Stadium"
"95","2024_07_SEA_ATL",2024,"REG",7,"2024-10-20","Sunday","13:00","SEA",NA,"ATL",NA,"Home",NA,NA,NA,"2024102001",NA,NA,"202410200atl",NA,"401671730",NA,10,7,NA,NA,NA,NA,NA,NA,NA,NA,0,"closed","fieldturf",NA,NA,NA,NA,NA,NA,"Mike Macdonald","Raheem Morris",NA,"ATL97","Mercedes-Benz Stadium"
"96","2024_07_TEN_BUF",2024,"REG",7,"2024-10-20","Sunday","13:00","TEN",NA,"BUF",NA,"Home",NA,NA,NA,"2024102002",NA,NA,"202410200buf",NA,"401671616",NA,7,6,NA,NA,NA,NA,NA,NA,NA,NA,0,"outdoors","a_turf",NA,NA,NA,NA,NA,NA,"Brian Callahan","Sean McDermott",NA,"BUF00","New Era Field"
"97","2024_07_CIN_CLE",2024,"REG",7,"2024-10-20","Sunday","13:00","CIN",NA,"CLE",NA,"Home",NA,NA,NA,"2024102003",NA,NA,"202410200cle",NA,"401671853",NA,7,7,NA,NA,NA,NA,NA,NA,NA,NA,1,"outdoors","grass",NA,NA,NA,NA,NA,NA,"Zac Taylor","Kevin Stefanski",NA,"CLE00","FirstEnergy Stadium"
"98","2024_07_HOU_GB",2024,"REG",7,"2024-10-20","Sunday","13:00","HOU",NA,"GB",NA,"Home",NA,NA,NA,"2024102004",NA,NA,"202410200gnb",NA,"401671644",NA,7,7,NA,NA,NA,NA,NA,NA,NA,NA,0,"outdoors","grass",NA,NA,NA,NA,NA,NA,"DeMeco Ryans","Matt LaFleur",NA,"GNB00","Lambeau Field"
"99","2024_07_MIA_IND",2024,"REG",7,"2024-10-20","Sunday","13:00","MIA",NA,"IND",NA,"Home",NA,NA,NA,"2024102005",NA,NA,"202410200clt",NA,"401671864",NA,14,7,NA,NA,NA,NA,NA,NA,NA,NA,0,"closed","fieldturf",NA,NA,NA,NA,NA,NA,"Mike McDaniel","Shane Steichen",NA,"IND00","Lucas Oil Stadium"
"100","2024_07_DET_MIN",2024,"REG",7,"2024-10-20","Sunday","13:00","DET",NA,"MIN",NA,"Home",NA,NA,NA,"2024102006",NA,NA,"202410200min",NA,"401671724",NA,7,14,NA,NA,NA,NA,NA,NA,NA,NA,1,"dome","sportturf",NA,NA,NA,NA,NA,NA,"Dan Campbell","Kevin O'Connell",NA,"MIN01","U.S. Bank Stadium"
"101","2024_07_PHI_NYG",2024,"REG",7,"2024-10-20","Sunday","13:00","PHI",NA,"NYG",NA,"Home",NA,NA,NA,"2024102007",NA,NA,"202410200nyg",NA,"401671710",NA,7,7,NA,NA,NA,NA,NA,NA,NA,NA,1,"outdoors","fieldturf",NA,NA,NA,NA,NA,NA,"Nick Sirianni","Brian Daboll",NA,"NYC01","MetLife Stadium"
"102","2024_07_LV_LA",2024,"REG",7,"2024-10-20","Sunday","16:05","LV",NA,"LA",NA,"Home",NA,NA,NA,"2024102008",NA,NA,"202410200ram",NA,"401671663",NA,7,14,NA,NA,NA,NA,NA,NA,NA,NA,0,"dome","matrixturf",NA,NA,NA,NA,NA,NA,"Antonio Pierce","Sean McVay",NA,"LAX01","SoFi Stadium"
"103","2024_07_CAR_WAS",2024,"REG",7,"2024-10-20","Sunday","16:05","CAR",NA,"WAS",NA,"Home",NA,NA,NA,"2024102009",NA,NA,"202410200was",NA,"401671640",NA,7,7,NA,NA,NA,NA,NA,NA,NA,NA,0,"outdoors","grass",NA,NA,NA,NA,NA,NA,"Dave Canales","Dan Quinn",NA,"WAS00","FedExField"
"104","2024_07_KC_SF",2024,"REG",7,"2024-10-20","Sunday","16:25","KC",NA,"SF",NA,"Home",NA,NA,NA,"2024102010",NA,NA,"202410200sfo",NA,"401671777",NA,13,10,NA,NA,NA,NA,NA,NA,NA,NA,0,"outdoors","grass",NA,NA,NA,NA,NA,NA,"Andy Reid","Kyle Shanahan",NA,"SFO01","Levi's Stadium"
"105","2024_07_NYJ_PIT",2024,"REG",7,"2024-10-20","Sunday","20:20","NYJ",NA,"PIT",NA,"Home",NA,NA,NA,"2024102011",NA,NA,"202410200pit",NA,"401671785",NA,6,7,NA,NA,NA,NA,NA,NA,NA,NA,0,"outdoors","grass",NA,NA,NA,NA,NA,NA,"Robert Saleh","Mike Tomlin",NA,"PIT00","Acrisure Stadium"
"106","2024_07_BAL_TB",2024,"REG",7,"2024-10-21","Monday","20:15","BAL",NA,"TB",NA,"Home",NA,NA,NA,"2024102100",NA,NA,"202410210tam",NA,"401671695",NA,8,8,NA,NA,NA,NA,NA,NA,NA,NA,0,"outdoors","grass",NA,NA,NA,NA,NA,NA,"John Harbaugh","Todd Bowles",NA,"TAM00","Raymond James Stadium"
"107","2024_07_LAC_ARI",2024,"REG",7,"2024-10-21","Monday","21:00","LAC",NA,"ARI",NA,"Home",NA,NA,NA,"2024102101",NA,NA,"202410210crd",NA,"401671699",NA,8,8,NA,NA,NA,NA,NA,NA,NA,NA,0,"closed","grass",NA,NA,NA,NA,NA,NA,"Jim Harbaugh","Jonathan Gannon",NA,"PHO00","State Farm Stadium"
"108","2024_08_MIN_LA",2024,"REG",8,"2024-10-24","Thursday","20:15","MIN",NA,"LA",NA,"Home",NA,NA,NA,"2024102400",NA,NA,"202410240ram",NA,"401671817",NA,4,4,NA,NA,NA,NA,NA,NA,NA,NA,0,"dome","matrixturf",NA,NA,NA,NA,NA,NA,"Kevin O'Connell","Sean McVay",NA,"LAX01","SoFi Stadium"
"109","2024_08_BAL_CLE",2024,"REG",8,"2024-10-27","Sunday","13:00","BAL",NA,"CLE",NA,"Home",NA,NA,NA,"2024102700",NA,NA,"202410270cle",NA,"401671852",NA,6,7,NA,NA,NA,NA,NA,NA,NA,NA,1,"outdoors","grass",NA,NA,NA,NA,NA,NA,"John Harbaugh","Kevin Stefanski",NA,"CLE00","FirstEnergy Stadium"
"110","2024_08_TEN_DET",2024,"REG",8,"2024-10-27","Sunday","13:00","TEN",NA,"DET",NA,"Home",NA,NA,NA,"2024102701",NA,NA,"202410270det",NA,"401671720",NA,7,7,NA,NA,NA,NA,NA,NA,NA,NA,0,"dome","fieldturf",NA,NA,NA,NA,NA,NA,"Brian Callahan","Dan Campbell",NA,"DET00","Ford Field"
"111","2024_08_IND_HOU",2024,"REG",8,"2024-10-27","Sunday","13:00","IND",NA,"HOU",NA,"Home",NA,NA,NA,"2024102702",NA,NA,"202410270htx",NA,"401671856",NA,7,7,NA,NA,NA,NA,NA,NA,NA,NA,1,"closed","astroturf",NA,NA,NA,NA,NA,NA,"Shane Steichen","DeMeco Ryans",NA,"HOU00","NRG Stadium"
"112","2024_08_GB_JAX",2024,"REG",8,"2024-10-27","Sunday","13:00","GB",NA,"JAX",NA,"Home",NA,NA,NA,"2024102703",NA,NA,"202410270jax",NA,"401671707",NA,7,7,NA,NA,NA,NA,NA,NA,NA,NA,0,"outdoors","grass",NA,NA,NA,NA,NA,NA,"Matt LaFleur","Doug Pederson",NA,"JAX00","TIAA Bank Stadium"
"113","2024_08_ARI_MIA",2024,"REG",8,"2024-10-27","Sunday","13:00","ARI",NA,"MIA",NA,"Home",NA,NA,NA,"2024102704",NA,NA,"202410270mia",NA,"401671850",NA,6,7,NA,NA,NA,NA,NA,NA,NA,NA,0,"outdoors","grass",NA,NA,NA,NA,NA,NA,"Jonathan Gannon","Mike McDaniel",NA,"MIA00","Hard Rock Stadium"
"114","2024_08_NYJ_NE",2024,"REG",8,"2024-10-27","Sunday","13:00","NYJ",NA,"NE",NA,"Home",NA,NA,NA,"2024102705",NA,NA,"202410270nwe",NA,"401671618",NA,7,7,NA,NA,NA,NA,NA,NA,NA,NA,1,"outdoors","fieldturf",NA,NA,NA,NA,NA,NA,"Robert Saleh","Jerod Mayo",NA,"BOS00","Gillette Stadium"
"115","2024_08_ATL_TB",2024,"REG",8,"2024-10-27","Sunday","13:00","ATL",NA,"TB",NA,"Home",NA,NA,NA,"2024102706",NA,NA,"202410270tam",NA,"401671739",NA,7,6,NA,NA,NA,NA,NA,NA,NA,NA,1,"outdoors","grass",NA,NA,NA,NA,NA,NA,"Raheem Morris","Todd Bowles",NA,"TAM00","Raymond James Stadium"
"116","2024_08_CHI_WAS",2024,"REG",8,"2024-10-27","Sunday","13:00","CHI",NA,"WAS",NA,"Home",NA,NA,NA,"2024102707",NA,NA,"202410270was",NA,"401671599",NA,14,7,NA,NA,NA,NA,NA,NA,NA,NA,0,"outdoors","grass",NA,NA,NA,NA,NA,NA,"Matt Eberflus","Dan Quinn",NA,"WAS00","FedExField"
"117","2024_08_NO_LAC",2024,"REG",8,"2024-10-27","Sunday","16:05","NO",NA,"LAC",NA,"Home",NA,NA,NA,"2024102708",NA,NA,"202410270sdg",NA,"401671750",NA,10,6,NA,NA,NA,NA,NA,NA,NA,NA,0,"dome","matrixturf",NA,NA,NA,NA,NA,NA,"Dennis Allen","Jim Harbaugh",NA,"LAX01","SoFi Stadium"
"118","2024_08_BUF_SEA",2024,"REG",8,"2024-10-27","Sunday","16:05","BUF",NA,"SEA",NA,"Home",NA,NA,NA,"2024102709",NA,NA,"202410270sea",NA,"401671760",NA,7,7,NA,NA,NA,NA,NA,NA,NA,NA,0,"outdoors","fieldturf",NA,NA,NA,NA,NA,NA,"Sean McDermott","Mike Macdonald",NA,"SEA00","Lumen Field"
"119","2024_08_PHI_CIN",2024,"REG",8,"2024-10-27","Sunday","16:25","PHI",NA,"CIN",NA,"Home",NA,NA,NA,"2024102710",NA,NA,"202410270cin",NA,"401671667",NA,7,7,NA,NA,NA,NA,NA,NA,NA,NA,0,"outdoors","fieldturf",NA,NA,NA,NA,NA,NA,"Nick Sirianni","Zac Taylor",NA,"CIN00","Paycor Stadium"
"120","2024_08_CAR_DEN",2024,"REG",8,"2024-10-27","Sunday","16:25","CAR",NA,"DEN",NA,"Home",NA,NA,NA,"2024102711",NA,NA,"202410270den",NA,"401671600",NA,7,10,NA,NA,NA,NA,NA,NA,NA,NA,0,"outdoors","grass",NA,NA,NA,NA,NA,NA,"Dave Canales","Sean Payton",NA,"DEN00","Empower Field at Mile High"
"121","2024_08_KC_LV",2024,"REG",8,"2024-10-27","Sunday","16:25","KC",NA,"LV",NA,"Home",NA,NA,NA,"2024102712",NA,NA,"202410270rai",NA,"401671671",NA,7,7,NA,NA,NA,NA,NA,NA,NA,NA,1,"dome","grass",NA,NA,NA,NA,NA,NA,"Andy Reid","Antonio Pierce",NA,"VEG00","Allegiant Stadium"
"122","2024_08_DAL_SF",2024,"REG",8,"2024-10-27","Sunday","20:20","DAL",NA,"SF",NA,"Home",NA,NA,NA,"2024102713",NA,NA,"202410270sfo",NA,"401671795",NA,14,7,NA,NA,NA,NA,NA,NA,NA,NA,0,"outdoors","grass",NA,NA,NA,NA,NA,NA,"Mike McCarthy","Kyle Shanahan",NA,"SFO01","Levi's Stadium"
"123","2024_08_NYG_PIT",2024,"REG",8,"2024-10-28","Monday","20:15","NYG",NA,"PIT",NA,"Home",NA,NA,NA,"2024102800",NA,NA,"202410280pit",NA,"401671685",NA,8,8,NA,NA,NA,NA,NA,NA,NA,NA,0,"outdoors","grass",NA,NA,NA,NA,NA,NA,"Brian Daboll","Mike Tomlin",NA,"PIT00","Acrisure Stadium"
"124","2024_09_HOU_NYJ",2024,"REG",9,"2024-10-31","Thursday","20:15","HOU",NA,"NYJ",NA,"Home",NA,NA,NA,"2024103100",NA,NA,"202410310nyj",NA,"401671809",NA,4,4,NA,NA,NA,NA,NA,NA,NA,NA,0,"outdoors","fieldturf",NA,NA,NA,NA,NA,NA,"DeMeco Ryans","Robert Saleh",NA,"NYC01","MetLife Stadium"
"125","2024_09_DAL_ATL",2024,"REG",9,"2024-11-03","Sunday","13:00","DAL",NA,"ATL",NA,"Home",NA,NA,NA,"2024110300",NA,NA,"202411030atl",NA,"401671728",NA,7,7,NA,NA,NA,NA,NA,NA,NA,NA,0,"closed","fieldturf",NA,NA,NA,NA,NA,NA,"Mike McCarthy","Raheem Morris",NA,"ATL97","Mercedes-Benz Stadium"
"126","2024_09_DEN_BAL",2024,"REG",9,"2024-11-03","Sunday","13:00","DEN",NA,"BAL",NA,"Home",NA,NA,NA,"2024110301",NA,NA,"202411030rav",NA,"401671623",NA,7,7,NA,NA,NA,NA,NA,NA,NA,NA,0,"outdoors","grass",NA,NA,NA,NA,NA,NA,"Sean Payton","John Harbaugh",NA,"BAL00","M&T Bank Stadium"
"127","2024_09_MIA_BUF",2024,"REG",9,"2024-11-03","Sunday","13:00","MIA",NA,"BUF",NA,"Home",NA,NA,NA,"2024110302",NA,NA,"202411030buf",NA,"401671493",NA,7,7,NA,NA,NA,NA,NA,NA,NA,NA,1,"outdoors","a_turf",NA,NA,NA,NA,NA,NA,"Mike McDaniel","Sean McDermott",NA,"BUF00","New Era Field"
"128","2024_09_NO_CAR",2024,"REG",9,"2024-11-03","Sunday","13:00","NO",NA,"CAR",NA,"Home",NA,NA,NA,"2024110303",NA,NA,"202411030car",NA,"401671650",NA,7,7,NA,NA,NA,NA,NA,NA,NA,NA,1,"outdoors","grass",NA,NA,NA,NA,NA,NA,"Dennis Allen","Dave Canales",NA,"CAR00","Bank of America Stadium"
"129","2024_09_LV_CIN",2024,"REG",9,"2024-11-03","Sunday","13:00","LV",NA,"CIN",NA,"Home",NA,NA,NA,"2024110304",NA,NA,"202411030cin",NA,"401671704",NA,7,7,NA,NA,NA,NA,NA,NA,NA,NA,0,"outdoors","fieldturf",NA,NA,NA,NA,NA,NA,"Antonio Pierce","Zac Taylor",NA,"CIN00","Paycor Stadium"
"130","2024_09_LAC_CLE",2024,"REG",9,"2024-11-03","Sunday","13:00","LAC",NA,"CLE",NA,"Home",NA,NA,NA,"2024110305",NA,NA,"202411030cle",NA,"401671629",NA,7,7,NA,NA,NA,NA,NA,NA,NA,NA,0,"outdoors","grass",NA,NA,NA,NA,NA,NA,"Jim Harbaugh","Kevin Stefanski",NA,"CLE00","FirstEnergy Stadium"
"131","2024_09_IND_MIN",2024,"REG",9,"2024-11-03","Sunday","13:00","IND",NA,"MIN",NA,"Home",NA,NA,NA,"2024110306",NA,NA,"202411030min",NA,"401671647",NA,7,10,NA,NA,NA,NA,NA,NA,NA,NA,0,"dome","sportturf",NA,NA,NA,NA,NA,NA,"Shane Steichen","Kevin O'Connell",NA,"MIN01","U.S. Bank Stadium"
"132","2024_09_WAS_NYG",2024,"REG",9,"2024-11-03","Sunday","13:00","WAS",NA,"NYG",NA,"Home",NA,NA,NA,"2024110307",NA,NA,"202411030nyg",NA,"401671711",NA,7,6,NA,NA,NA,NA,NA,NA,NA,NA,1,"outdoors","fieldturf",NA,NA,NA,NA,NA,NA,"Dan Quinn","Brian Daboll",NA,"NYC01","MetLife Stadium"
"133","2024_09_NE_TEN",2024,"REG",9,"2024-11-03","Sunday","13:00","NE",NA,"TEN",NA,"Home",NA,NA,NA,"2024110308",NA,NA,"202411030oti",NA,"401671822",NA,7,7,NA,NA,NA,NA,NA,NA,NA,NA,0,"outdoors","grass",NA,NA,NA,NA,NA,NA,"Jerod Mayo","Brian Callahan",NA,"NAS00","Nissan Stadium"
"134","2024_09_CHI_ARI",2024,"REG",9,"2024-11-03","Sunday","16:05","CHI",NA,"ARI",NA,"Home",NA,NA,NA,"2024110309",NA,NA,"202411030crd",NA,"401671661",NA,7,7,NA,NA,NA,NA,NA,NA,NA,NA,0,"closed","grass",NA,NA,NA,NA,NA,NA,"Matt Eberflus","Jonathan Gannon",NA,"PHO00","State Farm Stadium"
"135","2024_09_DET_GB",2024,"REG",9,"2024-11-03","Sunday","16:25","DET",NA,"GB",NA,"Home",NA,NA,NA,"2024110310",NA,NA,"202411030gnb",NA,"401671767",NA,7,7,NA,NA,NA,NA,NA,NA,NA,NA,1,"outdoors","grass",NA,NA,NA,NA,NA,NA,"Dan Campbell","Matt LaFleur",NA,"GNB00","Lambeau Field"
"136","2024_09_LA_SEA",2024,"REG",9,"2024-11-03","Sunday","16:25","LA",NA,"SEA",NA,"Home",NA,NA,NA,"2024110311",NA,NA,"202411030sea",NA,"401671776",NA,10,7,NA,NA,NA,NA,NA,NA,NA,NA,1,"outdoors","fieldturf",NA,NA,NA,NA,NA,NA,"Sean McVay","Mike Macdonald",NA,"SEA00","Lumen Field"
"137","2024_09_JAX_PHI",2024,"REG",9,"2024-11-03","Sunday","20:20","JAX",NA,"PHI",NA,"Home",NA,NA,NA,"2024110312",NA,NA,"202411030phi",NA,"401671797",NA,7,7,NA,NA,NA,NA,NA,NA,NA,NA,0,"outdoors","grass",NA,NA,NA,NA,NA,NA,"Doug Pederson","Nick Sirianni",NA,"PHI00","Lincoln Financial Field"
"138","2024_09_TB_KC",2024,"REG",9,"2024-11-04","Monday","20:15","TB",NA,"KC",NA,"Home",NA,NA,NA,"2024110400",NA,NA,"202411040kan",NA,"401671688",NA,8,8,NA,NA,NA,NA,NA,NA,NA,NA,0,"outdoors","grass",NA,NA,NA,NA,NA,NA,"Todd Bowles","Andy Reid",NA,"KAN00","GEHA Field at Arrowhead Stadium"
"139","2024_10_CIN_BAL",2024,"REG",10,"2024-11-07","Thursday","20:15","CIN",NA,"BAL",NA,"Home",NA,NA,NA,"2024110700",NA,NA,"202411070rav",NA,"401671810",NA,4,4,NA,NA,NA,NA,NA,NA,NA,NA,1,"outdoors","grass",NA,NA,NA,NA,NA,NA,"Zac Taylor","John Harbaugh",NA,"BAL00","M&T Bank Stadium"
"140","2024_10_NYG_CAR",2024,"REG",10,"2024-11-10","Sunday","09:30","NYG",NA,"CAR",NA,"Neutral",NA,NA,NA,"2024111000",NA,NA,"202411100car",NA,"401671803",NA,7,7,NA,NA,NA,NA,NA,NA,NA,NA,0,"outdoors","grass",NA,NA,NA,NA,NA,NA,"Brian Daboll","Dave Canales",NA,"CAR00","Bank of America Stadium"
"141","2024_10_NE_CHI",2024,"REG",10,"2024-11-10","Sunday","13:00","NE",NA,"CHI",NA,"Home",NA,NA,NA,"2024111001",NA,NA,"202411100chi",NA,"401671873",NA,7,7,NA,NA,NA,NA,NA,NA,NA,NA,0,"outdoors","grass",NA,NA,NA,NA,NA,NA,"Jerod Mayo","Matt Eberflus",NA,"CHI98","Soldier Field"
"142","2024_10_BUF_IND",2024,"REG",10,"2024-11-10","Sunday","13:00","BUF",NA,"IND",NA,"Home",NA,NA,NA,"2024111002",NA,NA,"202411100clt",NA,"401671863",NA,7,7,NA,NA,NA,NA,NA,NA,NA,NA,0,"closed","fieldturf",NA,NA,NA,NA,NA,NA,"Sean McDermott","Shane Steichen",NA,"IND00","Lucas Oil Stadium"
"143","2024_10_MIN_JAX",2024,"REG",10,"2024-11-10","Sunday","13:00","MIN",NA,"JAX",NA,"Home",NA,NA,NA,"2024111003",NA,NA,"202411100jax",NA,"401671708",NA,7,7,NA,NA,NA,NA,NA,NA,NA,NA,0,"outdoors","grass",NA,NA,NA,NA,NA,NA,"Kevin O'Connell","Doug Pederson",NA,"JAX00","TIAA Bank Stadium"
"144","2024_10_DEN_KC",2024,"REG",10,"2024-11-10","Sunday","13:00","DEN",NA,"KC",NA,"Home",NA,NA,NA,"2024111004",NA,NA,"202411100kan",NA,"401671637",NA,7,6,NA,NA,NA,NA,NA,NA,NA,NA,1,"outdoors","grass",NA,NA,NA,NA,NA,NA,"Sean Payton","Andy Reid",NA,"KAN00","GEHA Field at Arrowhead Stadium"
"145","2024_10_ATL_NO",2024,"REG",10,"2024-11-10","Sunday","13:00","ATL",NA,"NO",NA,"Home",NA,NA,NA,"2024111005",NA,NA,"202411100nor",NA,"401671733",NA,7,7,NA,NA,NA,NA,NA,NA,NA,NA,1,"dome","sportturf",NA,NA,NA,NA,NA,NA,"Raheem Morris","Dennis Allen",NA,"NOR00","Mercedes-Benz Superdome"
"146","2024_10_SF_TB",2024,"REG",10,"2024-11-10","Sunday","13:00","SF",NA,"TB",NA,"Home",NA,NA,NA,"2024111006",NA,NA,"202411100tam",NA,"401671742",NA,14,6,NA,NA,NA,NA,NA,NA,NA,NA,0,"outdoors","grass",NA,NA,NA,NA,NA,NA,"Kyle Shanahan","Todd Bowles",NA,"TAM00","Raymond James Stadium"
"147","2024_10_PIT_WAS",2024,"REG",10,"2024-11-10","Sunday","13:00","PIT",NA,"WAS",NA,"Home",NA,NA,NA,"2024111007",NA,NA,"202411100was",NA,"401671641",NA,13,7,NA,NA,NA,NA,NA,NA,NA,NA,0,"outdoors","grass",NA,NA,NA,NA,NA,NA,"Mike Tomlin","Dan Quinn",NA,"WAS00","FedExField"
"148","2024_10_TEN_LAC",2024,"REG",10,"2024-11-10","Sunday","16:05","TEN",NA,"LAC",NA,"Home",NA,NA,NA,"2024111008",NA,NA,"202411100sdg",NA,"401671751",NA,7,7,NA,NA,NA,NA,NA,NA,NA,NA,0,"dome","matrixturf",NA,NA,NA,NA,NA,NA,"Brian Callahan","Jim Harbaugh",NA,"LAX01","SoFi Stadium"
"149","2024_10_NYJ_ARI",2024,"REG",10,"2024-11-10","Sunday","16:25","NYJ",NA,"ARI",NA,"Home",NA,NA,NA,"2024111009",NA,NA,"202411100crd",NA,"401671678",NA,10,7,NA,NA,NA,NA,NA,NA,NA,NA,0,"closed","grass",NA,NA,NA,NA,NA,NA,"Robert Saleh","Jonathan Gannon",NA,"PHO00","State Farm Stadium"
"150","2024_10_PHI_DAL",2024,"REG",10,"2024-11-10","Sunday","16:25","PHI",NA,"DAL",NA,"Home",NA,NA,NA,"2024111010",NA,NA,"202411100dal",NA,"401671676",NA,7,7,NA,NA,NA,NA,NA,NA,NA,NA,1,"closed","matrixturf",NA,NA,NA,NA,NA,NA,"Nick Sirianni","Mike McCarthy",NA,"DAL00","AT&T Stadium"
"151","2024_10_DET_HOU",2024,"REG",10,"2024-11-10","Sunday","20:20","DET",NA,"HOU",NA,"Home",NA,NA,NA,"2024111011",NA,NA,"202411100htx",NA,"401671787",NA,7,10,NA,NA,NA,NA,NA,NA,NA,NA,0,"closed","astroturf",NA,NA,NA,NA,NA,NA,"Dan Campbell","DeMeco Ryans",NA,"HOU00","NRG Stadium"
"152","2024_10_MIA_LA",2024,"REG",10,"2024-11-11","Monday","20:15","MIA",NA,"LA",NA,"Home",NA,NA,NA,"2024111100",NA,NA,"202411110ram",NA,"401671693",NA,8,8,NA,NA,NA,NA,NA,NA,NA,NA,0,"dome","matrixturf",NA,NA,NA,NA,NA,NA,"Mike McDaniel","Sean McVay",NA,"LAX01","SoFi Stadium"
"153","2024_11_WAS_PHI",2024,"REG",11,"2024-11-14","Thursday","20:15","WAS",NA,"PHI",NA,"Home",NA,NA,NA,"2024111400",NA,NA,"202411140phi",NA,"401671813",NA,4,4,NA,NA,NA,NA,NA,NA,NA,NA,1,"outdoors","grass",NA,NA,NA,NA,NA,NA,"Dan Quinn","Nick Sirianni",NA,"PHI00","Lincoln Financial Field"
"154","2024_11_GB_CHI",2024,"REG",11,"2024-11-17","Sunday","13:00","GB",NA,"CHI",NA,"Home",NA,NA,NA,"2024111700",NA,NA,"202411170chi",NA,"401671869",NA,14,7,NA,NA,NA,NA,NA,NA,NA,NA,1,"outdoors","grass",NA,NA,NA,NA,NA,NA,"Matt LaFleur","Matt Eberflus",NA,"CHI98","Soldier Field"
"155","2024_11_JAX_DET",2024,"REG",11,"2024-11-17","Sunday","13:00","JAX",NA,"DET",NA,"Home",NA,NA,NA,"2024111701",NA,NA,"202411170det",NA,"401671642",NA,7,7,NA,NA,NA,NA,NA,NA,NA,NA,0,"dome","fieldturf",NA,NA,NA,NA,NA,NA,"Doug Pederson","Dan Campbell",NA,"DET00","Ford Field"
"156","2024_11_LV_MIA",2024,"REG",11,"2024-11-17","Sunday","13:00","LV",NA,"MIA",NA,"Home",NA,NA,NA,"2024111702",NA,NA,"202411170mia",NA,"401671851",NA,14,6,NA,NA,NA,NA,NA,NA,NA,NA,0,"outdoors","grass",NA,NA,NA,NA,NA,NA,"Antonio Pierce","Mike McDaniel",NA,"MIA00","Hard Rock Stadium"
"157","2024_11_LA_NE",2024,"REG",11,"2024-11-17","Sunday","13:00","LA",NA,"NE",NA,"Home",NA,NA,NA,"2024111703",NA,NA,"202411170nwe",NA,"401671701",NA,6,7,NA,NA,NA,NA,NA,NA,NA,NA,0,"outdoors","fieldturf",NA,NA,NA,NA,NA,NA,"Sean McVay","Jerod Mayo",NA,"BOS00","Gillette Stadium"
"158","2024_11_CLE_NO",2024,"REG",11,"2024-11-17","Sunday","13:00","CLE",NA,"NO",NA,"Home",NA,NA,NA,"2024111704",NA,NA,"202411170nor",NA,"401671746",NA,14,7,NA,NA,NA,NA,NA,NA,NA,NA,0,"dome","sportturf",NA,NA,NA,NA,NA,NA,"Kevin Stefanski","Dennis Allen",NA,"NOR00","Mercedes-Benz Superdome"
"159","2024_11_BAL_PIT",2024,"REG",11,"2024-11-17","Sunday","13:00","BAL",NA,"PIT",NA,"Home",NA,NA,NA,"2024111705",NA,NA,"202411170pit",NA,"401671630",NA,10,7,NA,NA,NA,NA,NA,NA,NA,NA,1,"outdoors","grass",NA,NA,NA,NA,NA,NA,"John Harbaugh","Mike Tomlin",NA,"PIT00","Acrisure Stadium"
"160","2024_11_MIN_TEN",2024,"REG",11,"2024-11-17","Sunday","13:00","MIN",NA,"TEN",NA,"Home",NA,NA,NA,"2024111706",NA,NA,"202411170oti",NA,"401671824",NA,7,7,NA,NA,NA,NA,NA,NA,NA,NA,0,"outdoors","grass",NA,NA,NA,NA,NA,NA,"Kevin O'Connell","Brian Callahan",NA,"NAS00","Nissan Stadium"
"161","2024_11_ATL_DEN",2024,"REG",11,"2024-11-17","Sunday","16:05","ATL",NA,"DEN",NA,"Home",NA,NA,NA,"2024111707",NA,NA,"202411170den",NA,"401671748",NA,7,7,NA,NA,NA,NA,NA,NA,NA,NA,0,"outdoors","grass",NA,NA,NA,NA,NA,NA,"Raheem Morris","Sean Payton",NA,"DEN00","Empower Field at Mile High"
"162","2024_11_SEA_SF",2024,"REG",11,"2024-11-17","Sunday","16:05","SEA",NA,"SF",NA,"Home",NA,NA,NA,"2024111708",NA,NA,"202411170sfo",NA,"401671757",NA,14,7,NA,NA,NA,NA,NA,NA,NA,NA,1,"outdoors","grass",NA,NA,NA,NA,NA,NA,"Mike Macdonald","Kyle Shanahan",NA,"SFO01","Levi's Stadium"
"163","2024_11_KC_BUF",2024,"REG",11,"2024-11-17","Sunday","16:25","KC",NA,"BUF",NA,"Home",NA,NA,NA,"2024111709",NA,NA,"202411170buf",NA,"401671665",NA,7,7,NA,NA,NA,NA,NA,NA,NA,NA,0,"outdoors","a_turf",NA,NA,NA,NA,NA,NA,"Andy Reid","Sean McDermott",NA,"BUF00","New Era Field"
"164","2024_11_CIN_LAC",2024,"REG",11,"2024-11-17","Sunday","16:25","CIN",NA,"LAC",NA,"Home",NA,NA,NA,"2024111710",NA,NA,"202411170sdg",NA,"401671675",NA,10,7,NA,NA,NA,NA,NA,NA,NA,NA,0,"dome","matrixturf",NA,NA,NA,NA,NA,NA,"Zac Taylor","Jim Harbaugh",NA,"LAX01","SoFi Stadium"
"165","2024_11_IND_NYJ",2024,"REG",11,"2024-11-17","Sunday","20:20","IND",NA,"NYJ",NA,"Home",NA,NA,NA,"2024111711",NA,NA,"202411170nyj",NA,"401671782",NA,7,7,NA,NA,NA,NA,NA,NA,NA,NA,0,"outdoors","fieldturf",NA,NA,NA,NA,NA,NA,"Shane Steichen","Robert Saleh",NA,"NYC01","MetLife Stadium"
"166","2024_11_HOU_DAL",2024,"REG",11,"2024-11-18","Monday","20:15","HOU",NA,"DAL",NA,"Home",NA,NA,NA,"2024111800",NA,NA,"202411180dal",NA,"401671694",NA,8,8,NA,NA,NA,NA,NA,NA,NA,NA,0,"closed","matrixturf",NA,NA,NA,NA,NA,NA,"DeMeco Ryans","Mike McCarthy",NA,"DAL00","AT&T Stadium"
"167","2024_12_PIT_CLE",2024,"REG",12,"2024-11-21","Thursday","20:15","PIT",NA,"CLE",NA,"Home",NA,NA,NA,"2024112100",NA,NA,"202411210cle",NA,"401671875",NA,4,4,NA,NA,NA,NA,NA,NA,NA,NA,1,"outdoors","grass",NA,NA,NA,NA,NA,NA,"Mike Tomlin","Kevin Stefanski",NA,"CLE00","FirstEnergy Stadium"
"168","2024_12_KC_CAR",2024,"REG",12,"2024-11-24","Sunday","13:00","KC",NA,"CAR",NA,"Home",NA,NA,NA,"2024112400",NA,NA,"202411240car",NA,"401671651",NA,7,14,NA,NA,NA,NA,NA,NA,NA,NA,0,"outdoors","grass",NA,NA,NA,NA,NA,NA,"Andy Reid","Dave Canales",NA,"CAR00","Bank of America Stadium"
"169","2024_12_MIN_CHI",2024,"REG",12,"2024-11-24","Sunday","13:00","MIN",NA,"CHI",NA,"Home",NA,NA,NA,"2024112401",NA,NA,"202411240chi",NA,"401671870",NA,7,7,NA,NA,NA,NA,NA,NA,NA,NA,1,"outdoors","grass",NA,NA,NA,NA,NA,NA,"Kevin O'Connell","Matt Eberflus",NA,"CHI98","Soldier Field"
"170","2024_12_TEN_HOU",2024,"REG",12,"2024-11-24","Sunday","13:00","TEN",NA,"HOU",NA,"Home",NA,NA,NA,"2024112402",NA,NA,"202411240htx",NA,"401671858",NA,7,6,NA,NA,NA,NA,NA,NA,NA,NA,1,"closed","astroturf",NA,NA,NA,NA,NA,NA,"Brian Callahan","DeMeco Ryans",NA,"HOU00","NRG Stadium"
"171","2024_12_DET_IND",2024,"REG",12,"2024-11-24","Sunday","13:00","DET",NA,"IND",NA,"Home",NA,NA,NA,"2024112403",NA,NA,"202411240clt",NA,"401671866",NA,7,7,NA,NA,NA,NA,NA,NA,NA,NA,0,"closed","fieldturf",NA,NA,NA,NA,NA,NA,"Dan Campbell","Shane Steichen",NA,"IND00","Lucas Oil Stadium"
"172","2024_12_NE_MIA",2024,"REG",12,"2024-11-24","Sunday","13:00","NE",NA,"MIA",NA,"Home",NA,NA,NA,"2024112404",NA,NA,"202411240mia",NA,"401671847",NA,7,7,NA,NA,NA,NA,NA,NA,NA,NA,1,"outdoors","grass",NA,NA,NA,NA,NA,NA,"Jerod Mayo","Mike McDaniel",NA,"MIA00","Hard Rock Stadium"
"173","2024_12_TB_NYG",2024,"REG",12,"2024-11-24","Sunday","13:00","TB",NA,"NYG",NA,"Home",NA,NA,NA,"2024112405",NA,NA,"202411240nyg",NA,"401671638",NA,14,14,NA,NA,NA,NA,NA,NA,NA,NA,0,"outdoors","fieldturf",NA,NA,NA,NA,NA,NA,"Todd Bowles","Brian Daboll",NA,"NYC01","MetLife Stadium"
"174","2024_12_DAL_WAS",2024,"REG",12,"2024-11-24","Sunday","13:00","DAL",NA,"WAS",NA,"Home",NA,NA,NA,"2024112406",NA,NA,"202411240was",NA,"401671715",NA,6,10,NA,NA,NA,NA,NA,NA,NA,NA,1,"outdoors","grass",NA,NA,NA,NA,NA,NA,"Mike McCarthy","Dan Quinn",NA,"WAS00","FedExField"
"175","2024_12_DEN_LV",2024,"REG",12,"2024-11-24","Sunday","16:05","DEN",NA,"LV",NA,"Home",NA,NA,NA,"2024112407",NA,NA,"202411240rai",NA,"401671656",NA,7,7,NA,NA,NA,NA,NA,NA,NA,NA,1,"dome","grass",NA,NA,NA,NA,NA,NA,"Sean Payton","Antonio Pierce",NA,"VEG00","Allegiant Stadium"
"176","2024_12_SF_GB",2024,"REG",12,"2024-11-24","Sunday","16:25","SF",NA,"GB",NA,"Home",NA,NA,NA,"2024112408",NA,NA,"202411240gnb",NA,"401671768",NA,7,7,NA,NA,NA,NA,NA,NA,NA,NA,0,"outdoors","grass",NA,NA,NA,NA,NA,NA,"Kyle Shanahan","Matt LaFleur",NA,"GNB00","Lambeau Field"
"177","2024_12_ARI_SEA",2024,"REG",12,"2024-11-24","Sunday","16:25","ARI",NA,"SEA",NA,"Home",NA,NA,NA,"2024112409",NA,NA,"202411240sea",NA,"401671775",NA,14,7,NA,NA,NA,NA,NA,NA,NA,NA,1,"outdoors","fieldturf",NA,NA,NA,NA,NA,NA,"Jonathan Gannon","Mike Macdonald",NA,"SEA00","Lumen Field"
"178","2024_12_PHI_LA",2024,"REG",12,"2024-11-24","Sunday","20:20","PHI",NA,"LA",NA,"Home",NA,NA,NA,"2024112410",NA,NA,"202411240ram",NA,"401671794",NA,10,7,NA,NA,NA,NA,NA,NA,NA,NA,0,"dome","matrixturf",NA,NA,NA,NA,NA,NA,"Nick Sirianni","Sean McVay",NA,"LAX01","SoFi Stadium"
"179","2024_12_BAL_LAC",2024,"REG",12,"2024-11-25","Monday","20:15","BAL",NA,"LAC",NA,"Home",NA,NA,NA,"2024112500",NA,NA,"202411250sdg",NA,"401671689",NA,8,8,NA,NA,NA,NA,NA,NA,NA,NA,0,"dome","matrixturf",NA,NA,NA,NA,NA,NA,"John Harbaugh","Jim Harbaugh",NA,"LAX01","SoFi Stadium"
"180","2024_13_CHI_DET",2024,"REG",13,"2024-11-28","Thursday","12:30","CHI",NA,"DET",NA,"Home",NA,NA,NA,"2024112800",NA,NA,"202411280det",NA,"401671492",NA,4,4,NA,NA,NA,NA,NA,NA,NA,NA,1,"dome","fieldturf",NA,NA,NA,NA,NA,NA,"Matt Eberflus","Dan Campbell",NA,"DET00","Ford Field"
"181","2024_13_NYG_DAL",2024,"REG",13,"2024-11-28","Thursday","16:30","NYG",NA,"DAL",NA,"Home",NA,NA,NA,"2024112801",NA,NA,"202411280dal",NA,"401671779",NA,4,4,NA,NA,NA,NA,NA,NA,NA,NA,1,"closed","matrixturf",NA,NA,NA,NA,NA,NA,"Brian Daboll","Mike McCarthy",NA,"DAL00","AT&T Stadium"
"182","2024_13_MIA_GB",2024,"REG",13,"2024-11-28","Thursday","20:20","MIA",NA,"GB",NA,"Home",NA,NA,NA,"2024112802",NA,NA,"202411280gnb",NA,"401671798",NA,4,4,NA,NA,NA,NA,NA,NA,NA,NA,0,"outdoors","grass",NA,NA,NA,NA,NA,NA,"Mike McDaniel","Matt LaFleur",NA,"GNB00","Lambeau Field"
"183","2024_13_LV_KC",2024,"REG",13,"2024-11-29","Friday","15:00","LV",NA,"KC",NA,"Home",NA,NA,NA,"2024112900",NA,NA,"202411290kan",NA,"401671806",NA,5,5,NA,NA,NA,NA,NA,NA,NA,NA,1,"outdoors","grass",NA,NA,NA,NA,NA,NA,"Antonio Pierce","Andy Reid",NA,"KAN00","GEHA Field at Arrowhead Stadium"
"184","2024_13_LAC_ATL",2024,"REG",13,"2024-12-01","Sunday","13:00","LAC",NA,"ATL",NA,"Home",NA,NA,NA,"2024120100",NA,NA,"202412010atl",NA,"401671649",NA,6,14,NA,NA,NA,NA,NA,NA,NA,NA,0,"closed","fieldturf",NA,NA,NA,NA,NA,NA,"Jim Harbaugh","Raheem Morris",NA,"ATL97","Mercedes-Benz Stadium"
"185","2024_13_PIT_CIN",2024,"REG",13,"2024-12-01","Sunday","13:00","PIT",NA,"CIN",NA,"Home",NA,NA,NA,"2024120101",NA,NA,"202412010cin",NA,"401671627",NA,10,14,NA,NA,NA,NA,NA,NA,NA,NA,1,"outdoors","fieldturf",NA,NA,NA,NA,NA,NA,"Mike Tomlin","Zac Taylor",NA,"CIN00","Paycor Stadium"
"186","2024_13_HOU_JAX",2024,"REG",13,"2024-12-01","Sunday","13:00","HOU",NA,"JAX",NA,"Home",NA,NA,NA,"2024120102",NA,NA,"202412010jax",NA,"401671705",NA,7,14,NA,NA,NA,NA,NA,NA,NA,NA,1,"outdoors","grass",NA,NA,NA,NA,NA,NA,"DeMeco Ryans","Doug Pederson",NA,"JAX00","TIAA Bank Stadium"
"187","2024_13_ARI_MIN",2024,"REG",13,"2024-12-01","Sunday","13:00","ARI",NA,"MIN",NA,"Home",NA,NA,NA,"2024120103",NA,NA,"202412010min",NA,"401671726",NA,7,7,NA,NA,NA,NA,NA,NA,NA,NA,0,"dome","sportturf",NA,NA,NA,NA,NA,NA,"Jonathan Gannon","Kevin O'Connell",NA,"MIN01","U.S. Bank Stadium"
"188","2024_13_IND_NE",2024,"REG",13,"2024-12-01","Sunday","13:00","IND",NA,"NE",NA,"Home",NA,NA,NA,"2024120104",NA,NA,"202412010nwe",NA,"401671620",NA,7,7,NA,NA,NA,NA,NA,NA,NA,NA,0,"outdoors","fieldturf",NA,NA,NA,NA,NA,NA,"Shane Steichen","Jerod Mayo",NA,"BOS00","Gillette Stadium"
"189","2024_13_SEA_NYJ",2024,"REG",13,"2024-12-01","Sunday","13:00","SEA",NA,"NYJ",NA,"Home",NA,NA,NA,"2024120105",NA,NA,"202412010nyj",NA,"401671703",NA,7,14,NA,NA,NA,NA,NA,NA,NA,NA,0,"outdoors","fieldturf",NA,NA,NA,NA,NA,NA,"Mike Macdonald","Robert Saleh",NA,"NYC01","MetLife Stadium"
"190","2024_13_TEN_WAS",2024,"REG",13,"2024-12-01","Sunday","13:00","TEN",NA,"WAS",NA,"Home",NA,NA,NA,"2024120106",NA,NA,"202412010was",NA,"401671743",NA,7,7,NA,NA,NA,NA,NA,NA,NA,NA,0,"outdoors","grass",NA,NA,NA,NA,NA,NA,"Brian Callahan","Dan Quinn",NA,"WAS00","FedExField"
"191","2024_13_TB_CAR",2024,"REG",13,"2024-12-01","Sunday","16:05","TB",NA,"CAR",NA,"Home",NA,NA,NA,"2024120107",NA,NA,"202412010car",NA,"401671752",NA,7,7,NA,NA,NA,NA,NA,NA,NA,NA,1,"outdoors","grass",NA,NA,NA,NA,NA,NA,"Todd Bowles","Dave Canales",NA,"CAR00","Bank of America Stadium"
"192","2024_13_LA_NO",2024,"REG",13,"2024-12-01","Sunday","16:05","LA",NA,"NO",NA,"Home",NA,NA,NA,"2024120108",NA,NA,"202412010nor",NA,"401671753",NA,7,14,NA,NA,NA,NA,NA,NA,NA,NA,0,"dome","sportturf",NA,NA,NA,NA,NA,NA,"Sean McVay","Dennis Allen",NA,"NOR00","Mercedes-Benz Superdome"
"193","2024_13_PHI_BAL",2024,"REG",13,"2024-12-01","Sunday","16:25","PHI",NA,"BAL",NA,"Home",NA,NA,NA,"2024120109",NA,NA,"202412010rav",NA,"401671666",NA,7,6,NA,NA,NA,NA,NA,NA,NA,NA,0,"outdoors","grass",NA,NA,NA,NA,NA,NA,"Nick Sirianni","John Harbaugh",NA,"BAL00","M&T Bank Stadium"
"194","2024_13_SF_BUF",2024,"REG",13,"2024-12-01","Sunday","20:20","SF",NA,"BUF",NA,"Home",NA,NA,NA,"2024120110",NA,NA,"202412010buf",NA,"401671781",NA,7,14,NA,NA,NA,NA,NA,NA,NA,NA,0,"outdoors","a_turf",NA,NA,NA,NA,NA,NA,"Kyle Shanahan","Sean McDermott",NA,"BUF00","New Era Field"
"195","2024_13_CLE_DEN",2024,"REG",13,"2024-12-02","Monday","20:15","CLE",NA,"DEN",NA,"Home",NA,NA,NA,"2024120200",NA,NA,"202412020den",NA,"401671686",NA,11,8,NA,NA,NA,NA,NA,NA,NA,NA,0,"outdoors","grass",NA,NA,NA,NA,NA,NA,"Kevin Stefanski","Sean Payton",NA,"DEN00","Empower Field at Mile High"
"196","2024_14_GB_DET",2024,"REG",14,"2024-12-05","Thursday","20:15","GB",NA,"DET",NA,"Home",NA,NA,NA,"2024120500",NA,NA,"202412050det",NA,"401671814",NA,7,7,NA,NA,NA,NA,NA,NA,NA,NA,1,"dome","fieldturf",NA,NA,NA,NA,NA,NA,"Matt LaFleur","Dan Campbell",NA,"DET00","Ford Field"
"197","2024_14_NYJ_MIA",2024,"REG",14,"2024-12-08","Sunday","13:00","NYJ",NA,"MIA",NA,"Home",NA,NA,NA,"2024120800",NA,NA,"202412080mia",NA,"401671848",NA,7,10,NA,NA,NA,NA,NA,NA,NA,NA,1,"outdoors","grass",NA,NA,NA,NA,NA,NA,"Robert Saleh","Mike McDaniel",NA,"MIA00","Hard Rock Stadium"
"198","2024_14_ATL_MIN",2024,"REG",14,"2024-12-08","Sunday","13:00","ATL",NA,"MIN",NA,"Home",NA,NA,NA,"2024120801",NA,NA,"202412080min",NA,"401671648",NA,7,7,NA,NA,NA,NA,NA,NA,NA,NA,0,"dome","sportturf",NA,NA,NA,NA,NA,NA,"Raheem Morris","Kevin O'Connell",NA,"MIN01","U.S. Bank Stadium"
"199","2024_14_NO_NYG",2024,"REG",14,"2024-12-08","Sunday","13:00","NO",NA,"NYG",NA,"Home",NA,NA,NA,"2024120802",NA,NA,"202412080nyg",NA,"401671601",NA,7,10,NA,NA,NA,NA,NA,NA,NA,NA,0,"outdoors","fieldturf",NA,NA,NA,NA,NA,NA,"Dennis Allen","Brian Daboll",NA,"NYC01","MetLife Stadium"
"200","2024_14_CAR_PHI",2024,"REG",14,"2024-12-08","Sunday","13:00","CAR",NA,"PHI",NA,"Home",NA,NA,NA,"2024120803",NA,NA,"202412080phi",NA,"401671713",NA,7,7,NA,NA,NA,NA,NA,NA,NA,NA,0,"outdoors","grass",NA,NA,NA,NA,NA,NA,"Dave Canales","Nick Sirianni",NA,"PHI00","Lincoln Financial Field"
"201","2024_14_CLE_PIT",2024,"REG",14,"2024-12-08","Sunday","13:00","CLE",NA,"PIT",NA,"Home",NA,NA,NA,"2024120804",NA,NA,"202412080pit",NA,"401671631",NA,6,7,NA,NA,NA,NA,NA,NA,NA,NA,1,"outdoors","grass",NA,NA,NA,NA,NA,NA,"Kevin Stefanski","Mike Tomlin",NA,"PIT00","Acrisure Stadium"
"202","2024_14_LV_TB",2024,"REG",14,"2024-12-08","Sunday","13:00","LV",NA,"TB",NA,"Home",NA,NA,NA,"2024120805",NA,NA,"202412080tam",NA,"401671654",NA,9,7,NA,NA,NA,NA,NA,NA,NA,NA,0,"outdoors","grass",NA,NA,NA,NA,NA,NA,"Antonio Pierce","Todd Bowles",NA,"TAM00","Raymond James Stadium"
"203","2024_14_JAX_TEN",2024,"REG",14,"2024-12-08","Sunday","13:00","JAX",NA,"TEN",NA,"Home",NA,NA,NA,"2024120806",NA,NA,"202412080oti",NA,"401671821",NA,7,7,NA,NA,NA,NA,NA,NA,NA,NA,1,"outdoors","grass",NA,NA,NA,NA,NA,NA,"Doug Pederson","Brian Callahan",NA,"NAS00","Nissan Stadium"
"204","2024_14_SEA_ARI",2024,"REG",14,"2024-12-08","Sunday","16:05","SEA",NA,"ARI",NA,"Home",NA,NA,NA,"2024120807",NA,NA,"202412080crd",NA,"401671660",NA,7,7,NA,NA,NA,NA,NA,NA,NA,NA,1,"closed","grass",NA,NA,NA,NA,NA,NA,"Mike Macdonald","Jonathan Gannon",NA,"PHO00","State Farm Stadium"
"205","2024_14_BUF_LA",2024,"REG",14,"2024-12-08","Sunday","16:25","BUF",NA,"LA",NA,"Home",NA,NA,NA,"2024120808",NA,NA,"202412080ram",NA,"401671773",NA,7,7,NA,NA,NA,NA,NA,NA,NA,NA,0,"dome","matrixturf",NA,NA,NA,NA,NA,NA,"Sean McDermott","Sean McVay",NA,"LAX01","SoFi Stadium"
"206","2024_14_CHI_SF",2024,"REG",14,"2024-12-08","Sunday","16:25","CHI",NA,"SF",NA,"Home",NA,NA,NA,"2024120809",NA,NA,"202412080sfo",NA,"401671774",NA,10,7,NA,NA,NA,NA,NA,NA,NA,NA,0,"outdoors","grass",NA,NA,NA,NA,NA,NA,"Matt Eberflus","Kyle Shanahan",NA,"SFO01","Levi's Stadium"
"207","2024_14_LAC_KC",2024,"REG",14,"2024-12-08","Sunday","20:20","LAC",NA,"KC",NA,"Home",NA,NA,NA,"2024120810",NA,NA,"202412080kan",NA,"401671788",NA,7,9,NA,NA,NA,NA,NA,NA,NA,NA,1,"outdoors","grass",NA,NA,NA,NA,NA,NA,"Jim Harbaugh","Andy Reid",NA,"KAN00","GEHA Field at Arrowhead Stadium"
"208","2024_14_CIN_DAL",2024,"REG",14,"2024-12-09","Monday","20:15","CIN",NA,"DAL",NA,"Home",NA,NA,NA,"2024120900",NA,NA,"202412090dal",NA,"401671690",NA,8,11,NA,NA,NA,NA,NA,NA,NA,NA,0,"closed","matrixturf",NA,NA,NA,NA,NA,NA,"Zac Taylor","Mike McCarthy",NA,"DAL00","AT&T Stadium"
"209","2024_15_LA_SF",2024,"REG",15,"2024-12-12","Thursday","20:15","LA",NA,"SF",NA,"Home",NA,NA,NA,"2024121200",NA,NA,"202412120sfo",NA,"401671818",NA,4,4,NA,NA,NA,NA,NA,NA,NA,NA,1,"outdoors","grass",NA,NA,NA,NA,NA,NA,"Sean McVay","Kyle Shanahan",NA,"SFO01","Levi's Stadium"
"210","2024_15_DAL_CAR",2024,"REG",15,"2024-12-15","Sunday","13:00","DAL",NA,"CAR",NA,"Home",NA,NA,NA,"2024121500",NA,NA,"202412150car",NA,"401671731",NA,6,7,NA,NA,NA,NA,NA,NA,NA,NA,0,"outdoors","grass",NA,NA,NA,NA,NA,NA,"Mike McCarthy","Dave Canales",NA,"CAR00","Bank of America Stadium"
"211","2024_15_KC_CLE",2024,"REG",15,"2024-12-15","Sunday","13:00","KC",NA,"CLE",NA,"Home",NA,NA,NA,"2024121501",NA,NA,"202412150cle",NA,"401671854",NA,7,7,NA,NA,NA,NA,NA,NA,NA,NA,0,"outdoors","grass",NA,NA,NA,NA,NA,NA,"Andy Reid","Kevin Stefanski",NA,"CLE00","FirstEnergy Stadium"
"212","2024_15_MIA_HOU",2024,"REG",15,"2024-12-15","Sunday","13:00","MIA",NA,"HOU",NA,"Home",NA,NA,NA,"2024121502",NA,NA,"202412150htx",NA,"401671860",NA,7,14,NA,NA,NA,NA,NA,NA,NA,NA,0,"closed","astroturf",NA,NA,NA,NA,NA,NA,"Mike McDaniel","DeMeco Ryans",NA,"HOU00","NRG Stadium"
"213","2024_15_NYJ_JAX",2024,"REG",15,"2024-12-15","Sunday","13:00","NYJ",NA,"JAX",NA,"Home",NA,NA,NA,"2024121503",NA,NA,"202412150jax",NA,"401671706",NA,7,7,NA,NA,NA,NA,NA,NA,NA,NA,0,"outdoors","grass",NA,NA,NA,NA,NA,NA,"Robert Saleh","Doug Pederson",NA,"JAX00","TIAA Bank Stadium"
"214","2024_15_WAS_NO",2024,"REG",15,"2024-12-15","Sunday","13:00","WAS",NA,"NO",NA,"Home",NA,NA,NA,"2024121504",NA,NA,"202412150nor",NA,"401671737",NA,14,7,NA,NA,NA,NA,NA,NA,NA,NA,0,"dome","sportturf",NA,NA,NA,NA,NA,NA,"Dan Quinn","Dennis Allen",NA,"NOR00","Mercedes-Benz Superdome"
"215","2024_15_BAL_NYG",2024,"REG",15,"2024-12-15","Sunday","13:00","BAL",NA,"NYG",NA,"Home",NA,NA,NA,"2024121505",NA,NA,"202412150nyg",NA,"401671639",NA,14,7,NA,NA,NA,NA,NA,NA,NA,NA,0,"outdoors","fieldturf",NA,NA,NA,NA,NA,NA,"John Harbaugh","Brian Daboll",NA,"NYC01","MetLife Stadium"
"216","2024_15_CIN_TEN",2024,"REG",15,"2024-12-15","Sunday","13:00","CIN",NA,"TEN",NA,"Home",NA,NA,NA,"2024121506",NA,NA,"202412150oti",NA,"401671825",NA,6,7,NA,NA,NA,NA,NA,NA,NA,NA,0,"outdoors","grass",NA,NA,NA,NA,NA,NA,"Zac Taylor","Brian Callahan",NA,"NAS00","Nissan Stadium"
"217","2024_15_NE_ARI",2024,"REG",15,"2024-12-15","Sunday","16:25","NE",NA,"ARI",NA,"Home",NA,NA,NA,"2024121507",NA,NA,"202412150crd",NA,"401671677",NA,14,7,NA,NA,NA,NA,NA,NA,NA,NA,0,"closed","grass",NA,NA,NA,NA,NA,NA,"Jerod Mayo","Jonathan Gannon",NA,"PHO00","State Farm Stadium"
"218","2024_15_IND_DEN",2024,"REG",15,"2024-12-15","Sunday","16:25","IND",NA,"DEN",NA,"Home",NA,NA,NA,"2024121508",NA,NA,"202412150den",NA,"401671669",NA,14,13,NA,NA,NA,NA,NA,NA,NA,NA,0,"outdoors","grass",NA,NA,NA,NA,NA,NA,"Shane Steichen","Sean Payton",NA,"DEN00","Empower Field at Mile High"
"219","2024_15_BUF_DET",2024,"REG",15,"2024-12-15","Sunday","16:25","BUF",NA,"DET",NA,"Home",NA,NA,NA,"2024121509",NA,NA,"202412150det",NA,"401671681",NA,7,10,NA,NA,NA,NA,NA,NA,NA,NA,0,"dome","fieldturf",NA,NA,NA,NA,NA,NA,"Sean McDermott","Dan Campbell",NA,"DET00","Ford Field"
"220","2024_15_TB_LAC",2024,"REG",15,"2024-12-15","Sunday","16:25","TB",NA,"LAC",NA,"Home",NA,NA,NA,"2024121510",NA,NA,"202412150sdg",NA,"401671762",NA,7,7,NA,NA,NA,NA,NA,NA,NA,NA,0,"dome","matrixturf",NA,NA,NA,NA,NA,NA,"Todd Bowles","Jim Harbaugh",NA,"LAX01","SoFi Stadium"
"221","2024_15_PIT_PHI",2024,"REG",15,"2024-12-15","Sunday","16:25","PIT",NA,"PHI",NA,"Home",NA,NA,NA,"2024121511",NA,NA,"202412150phi",NA,"401671766",NA,7,7,NA,NA,NA,NA,NA,NA,NA,NA,0,"outdoors","grass",NA,NA,NA,NA,NA,NA,"Mike Tomlin","Nick Sirianni",NA,"PHI00","Lincoln Financial Field"
"222","2024_15_GB_SEA",2024,"REG",15,"2024-12-15","Sunday","20:20","GB",NA,"SEA",NA,"Home",NA,NA,NA,"2024121512",NA,NA,"202412150sea",NA,"401671796",NA,10,7,NA,NA,NA,NA,NA,NA,NA,NA,0,"outdoors","fieldturf",NA,NA,NA,NA,NA,NA,"Matt LaFleur","Mike Macdonald",NA,"SEA00","Lumen Field"
"223","2024_15_CHI_MIN",2024,"REG",15,"2024-12-16","Monday","20:00","CHI",NA,"MIN",NA,"Home",NA,NA,NA,"2024121600",NA,NA,"202412160min",NA,"401671489",NA,8,8,NA,NA,NA,NA,NA,NA,NA,NA,1,"dome","sportturf",NA,NA,NA,NA,NA,NA,"Matt Eberflus","Kevin O'Connell",NA,"MIN01","U.S. Bank Stadium"
"224","2024_15_ATL_LV",2024,"REG",15,"2024-12-16","Monday","20:30","ATL",NA,"LV",NA,"Home",NA,NA,NA,"2024121601",NA,NA,"202412160rai",NA,"401671697",NA,8,8,NA,NA,NA,NA,NA,NA,NA,NA,0,"dome","grass",NA,NA,NA,NA,NA,NA,"Raheem Morris","Antonio Pierce",NA,"VEG00","Allegiant Stadium"
"225","2024_16_CLE_CIN",2024,"REG",16,"2024-12-19","Thursday","20:15","CLE",NA,"CIN",NA,"Home",NA,NA,NA,"2024121900",NA,NA,"202412190cin",NA,"401671811",NA,4,4,NA,NA,NA,NA,NA,NA,NA,NA,1,"outdoors","fieldturf",NA,NA,NA,NA,NA,NA,"Kevin Stefanski","Zac Taylor",NA,"CIN00","Paycor Stadium"
"226","2024_16_HOU_KC",2024,"REG",16,"2024-12-21","Saturday","13:00","HOU",NA,"KC",NA,"Home",NA,NA,NA,"2024122100",NA,NA,"202412210kan",NA,"401671780",NA,6,6,NA,NA,NA,NA,NA,NA,NA,NA,0,"outdoors","grass",NA,NA,NA,NA,NA,NA,"DeMeco Ryans","Andy Reid",NA,"KAN00","GEHA Field at Arrowhead Stadium"
"227","2024_16_PIT_BAL",2024,"REG",16,"2024-12-21","Saturday","16:30","PIT",NA,"BAL",NA,"Home",NA,NA,NA,"2024122101",NA,NA,"202412210rav",NA,"401671778",NA,6,6,NA,NA,NA,NA,NA,NA,NA,NA,1,"outdoors","grass",NA,NA,NA,NA,NA,NA,"Mike Tomlin","John Harbaugh",NA,"BAL00","M&T Bank Stadium"
"228","2024_16_NYG_ATL",2024,"REG",16,"2024-12-22","Sunday","13:00","NYG",NA,"ATL",NA,"Home",NA,NA,NA,"2024122200",NA,NA,"202412220atl",NA,"401671729",NA,7,6,NA,NA,NA,NA,NA,NA,NA,NA,0,"closed","fieldturf",NA,NA,NA,NA,NA,NA,"Brian Daboll","Raheem Morris",NA,"ATL97","Mercedes-Benz Stadium"
"229","2024_16_NE_BUF",2024,"REG",16,"2024-12-22","Sunday","13:00","NE",NA,"BUF",NA,"Home",NA,NA,NA,"2024122201",NA,NA,"202412220buf",NA,"401671494",NA,7,7,NA,NA,NA,NA,NA,NA,NA,NA,1,"outdoors","a_turf",NA,NA,NA,NA,NA,NA,"Jerod Mayo","Sean McDermott",NA,"BUF00","New Era Field"
"230","2024_16_ARI_CAR",2024,"REG",16,"2024-12-22","Sunday","13:00","ARI",NA,"CAR",NA,"Home",NA,NA,NA,"2024122202",NA,NA,"202412220car",NA,"401671732",NA,7,7,NA,NA,NA,NA,NA,NA,NA,NA,0,"outdoors","grass",NA,NA,NA,NA,NA,NA,"Jonathan Gannon","Dave Canales",NA,"CAR00","Bank of America Stadium"
"231","2024_16_DET_CHI",2024,"REG",16,"2024-12-22","Sunday","13:00","DET",NA,"CHI",NA,"Home",NA,NA,NA,"2024122203",NA,NA,"202412220chi",NA,"401671868",NA,7,6,NA,NA,NA,NA,NA,NA,NA,NA,1,"outdoors","grass",NA,NA,NA,NA,NA,NA,"Dan Campbell","Matt Eberflus",NA,"CHI98","Soldier Field"
"232","2024_16_TEN_IND",2024,"REG",16,"2024-12-22","Sunday","13:00","TEN",NA,"IND",NA,"Home",NA,NA,NA,"2024122204",NA,NA,"202412220clt",NA,"401671862",NA,7,7,NA,NA,NA,NA,NA,NA,NA,NA,1,"closed","fieldturf",NA,NA,NA,NA,NA,NA,"Brian Callahan","Shane Steichen",NA,"IND00","Lucas Oil Stadium"
"233","2024_16_LA_NYJ",2024,"REG",16,"2024-12-22","Sunday","13:00","LA",NA,"NYJ",NA,"Home",NA,NA,NA,"2024122205",NA,NA,"202412220nyj",NA,"401671621",NA,10,7,NA,NA,NA,NA,NA,NA,NA,NA,0,"outdoors","fieldturf",NA,NA,NA,NA,NA,NA,"Sean McVay","Robert Saleh",NA,"NYC01","MetLife Stadium"
"234","2024_16_PHI_WAS",2024,"REG",16,"2024-12-22","Sunday","13:00","PHI",NA,"WAS",NA,"Home",NA,NA,NA,"2024122206",NA,NA,"202412220was",NA,"401671717",NA,7,7,NA,NA,NA,NA,NA,NA,NA,NA,1,"outdoors","grass",NA,NA,NA,NA,NA,NA,"Nick Sirianni","Dan Quinn",NA,"WAS00","FedExField"
"235","2024_16_DEN_LAC",2024,"REG",16,"2024-12-22","Sunday","16:05","DEN",NA,"LAC",NA,"Home",NA,NA,NA,"2024122207",NA,NA,"202412220sdg",NA,"401671749",NA,7,7,NA,NA,NA,NA,NA,NA,NA,NA,1,"dome","matrixturf",NA,NA,NA,NA,NA,NA,"Sean Payton","Jim Harbaugh",NA,"LAX01","SoFi Stadium"
"236","2024_16_MIN_SEA",2024,"REG",16,"2024-12-22","Sunday","16:05","MIN",NA,"SEA",NA,"Home",NA,NA,NA,"2024122208",NA,NA,"202412220sea",NA,"401671759",NA,6,7,NA,NA,NA,NA,NA,NA,NA,NA,0,"outdoors","fieldturf",NA,NA,NA,NA,NA,NA,"Kevin O'Connell","Mike Macdonald",NA,"SEA00","Lumen Field"
"237","2024_16_JAX_LV",2024,"REG",16,"2024-12-22","Sunday","16:25","JAX",NA,"LV",NA,"Home",NA,NA,NA,"2024122209",NA,NA,"202412220rai",NA,"401671673",NA,7,6,NA,NA,NA,NA,NA,NA,NA,NA,0,"dome","grass",NA,NA,NA,NA,NA,NA,"Doug Pederson","Antonio Pierce",NA,"VEG00","Allegiant Stadium"
"238","2024_16_SF_MIA",2024,"REG",16,"2024-12-22","Sunday","16:25","SF",NA,"MIA",NA,"Home",NA,NA,NA,"2024122210",NA,NA,"202412220mia",NA,"401671874",NA,10,7,NA,NA,NA,NA,NA,NA,NA,NA,0,"outdoors","grass",NA,NA,NA,NA,NA,NA,"Kyle Shanahan","Mike McDaniel",NA,"MIA00","Hard Rock Stadium"
"239","2024_16_TB_DAL",2024,"REG",16,"2024-12-22","Sunday","20:20","TB",NA,"DAL",NA,"Home",NA,NA,NA,"2024122211",NA,NA,"202412220dal",NA,"401671790",NA,7,7,NA,NA,NA,NA,NA,NA,NA,NA,0,"closed","matrixturf",NA,NA,NA,NA,NA,NA,"Todd Bowles","Mike McCarthy",NA,"DAL00","AT&T Stadium"
"240","2024_16_NO_GB",2024,"REG",16,"2024-12-23","Monday","20:15","NO",NA,"GB",NA,"Home",NA,NA,NA,"2024122300",NA,NA,"202412230gnb",NA,"401671692",NA,8,8,NA,NA,NA,NA,NA,NA,NA,NA,0,"outdoors","grass",NA,NA,NA,NA,NA,NA,"Dennis Allen","Matt LaFleur",NA,"GNB00","Lambeau Field"
"241","2024_17_KC_PIT",2024,"REG",17,"2024-12-25","Wednesday","13:00","KC",NA,"PIT",NA,"Home",NA,NA,NA,"2024122500",NA,NA,"202412250pit",NA,"401671799",NA,4,4,NA,NA,NA,NA,NA,NA,NA,NA,0,"outdoors","grass",NA,NA,NA,NA,NA,NA,"Andy Reid","Mike Tomlin",NA,"PIT00","Acrisure Stadium"
"242","2024_17_BAL_HOU",2024,"REG",17,"2024-12-25","Wednesday","16:30","BAL",NA,"HOU",NA,"Home",NA,NA,NA,"2024122501",NA,NA,"202412250htx",NA,"401671800",NA,4,4,NA,NA,NA,NA,NA,NA,NA,NA,0,"closed","astroturf",NA,NA,NA,NA,NA,NA,"John Harbaugh","DeMeco Ryans",NA,"HOU00","NRG Stadium"
"243","2024_17_SEA_CHI",2024,"REG",17,"2024-12-26","Thursday","20:15","SEA",NA,"CHI",NA,"Home",NA,NA,NA,"2024122600",NA,NA,"202412260chi",NA,"401671876",NA,4,4,NA,NA,NA,NA,NA,NA,NA,NA,0,"outdoors","grass",NA,NA,NA,NA,NA,NA,"Mike Macdonald","Matt Eberflus",NA,"CHI98","Soldier Field"
"244","2024_17_NYJ_BUF",2024,"REG",17,"2024-12-29","Sunday","13:00","NYJ",NA,"BUF",NA,"Home",NA,NA,NA,"2024122900",NA,NA,"202412290buf",NA,"401671495",NA,7,7,NA,NA,NA,NA,NA,NA,NA,NA,1,"outdoors","a_turf",NA,NA,NA,NA,NA,NA,"Robert Saleh","Sean McDermott",NA,"BUF00","New Era Field"
"245","2024_17_DEN_CIN",2024,"REG",17,"2024-12-29","Sunday","13:00","DEN",NA,"CIN",NA,"Home",NA,NA,NA,"2024122900",NA,NA,"202412290cin",NA,"401671835",NA,7,10,NA,NA,NA,NA,NA,NA,NA,NA,0,"outdoors","fieldturf",NA,NA,NA,NA,NA,NA,"Sean Payton","Zac Taylor",NA,"CIN00","Paycor Stadium"
"246","2024_17_TEN_JAX",2024,"REG",17,"2024-12-29","Sunday","13:00","TEN",NA,"JAX",NA,"Home",NA,NA,NA,"2024122901",NA,NA,"202412290jax",NA,"401671634",NA,7,7,NA,NA,NA,NA,NA,NA,NA,NA,1,"outdoors","grass",NA,NA,NA,NA,NA,NA,"Brian Callahan","Doug Pederson",NA,"JAX00","TIAA Bank Stadium"
"247","2024_17_ARI_LA",2024,"REG",17,"2024-12-29","Sunday","13:00","ARI",NA,"LA",NA,"Home",NA,NA,NA,"2024122901",NA,NA,"202412290ram",NA,"401671829",NA,7,7,NA,NA,NA,NA,NA,NA,NA,NA,1,"dome","matrixturf",NA,NA,NA,NA,NA,NA,"Jonathan Gannon","Sean McVay",NA,"LAX01","SoFi Stadium"
"248","2024_17_GB_MIN",2024,"REG",17,"2024-12-29","Sunday","13:00","GB",NA,"MIN",NA,"Home",NA,NA,NA,"2024122902",NA,NA,"202412290min",NA,"401671725",NA,6,7,NA,NA,NA,NA,NA,NA,NA,NA,1,"dome","sportturf",NA,NA,NA,NA,NA,NA,"Matt LaFleur","Kevin O'Connell",NA,"MIN01","U.S. Bank Stadium"
"249","2024_17_LAC_NE",2024,"REG",17,"2024-12-29","Sunday","13:00","LAC",NA,"NE",NA,"Home",NA,NA,NA,"2024122902",NA,NA,"202412290nwe",NA,"401671832",NA,7,7,NA,NA,NA,NA,NA,NA,NA,NA,0,"outdoors","fieldturf",NA,NA,NA,NA,NA,NA,"Jim Harbaugh","Jerod Mayo",NA,"BOS00","Gillette Stadium"
"250","2024_17_LV_NO",2024,"REG",17,"2024-12-29","Sunday","13:00","LV",NA,"NO",NA,"Home",NA,NA,NA,"2024122903",NA,NA,"202412290nor",NA,"401671738",NA,7,6,NA,NA,NA,NA,NA,NA,NA,NA,0,"dome","sportturf",NA,NA,NA,NA,NA,NA,"Antonio Pierce","Dennis Allen",NA,"NOR00","Mercedes-Benz Superdome"
"251","2024_17_IND_NYG",2024,"REG",17,"2024-12-29","Sunday","13:00","IND",NA,"NYG",NA,"Home",NA,NA,NA,"2024122903",NA,NA,"202412290nyg",NA,"401671846",NA,7,7,NA,NA,NA,NA,NA,NA,NA,NA,0,"outdoors","fieldturf",NA,NA,NA,NA,NA,NA,"Shane Steichen","Brian Daboll",NA,"NYC01","MetLife Stadium"
"252","2024_17_CAR_TB",2024,"REG",17,"2024-12-29","Sunday","13:00","CAR",NA,"TB",NA,"Home",NA,NA,NA,"2024122904",NA,NA,"202412290tam",NA,"401671653",NA,7,7,NA,NA,NA,NA,NA,NA,NA,NA,1,"outdoors","grass",NA,NA,NA,NA,NA,NA,"Dave Canales","Todd Bowles",NA,"TAM00","Raymond James Stadium"
"253","2024_17_ATL_WAS",2024,"REG",17,"2024-12-29","Sunday","13:00","ATL",NA,"WAS",NA,"Home",NA,NA,NA,"2024122904",NA,NA,"202412290was",NA,"401671842",NA,7,7,NA,NA,NA,NA,NA,NA,NA,NA,0,"outdoors","grass",NA,NA,NA,NA,NA,NA,"Raheem Morris","Dan Quinn",NA,"WAS00","FedExField"
"254","2024_17_DAL_PHI",2024,"REG",17,"2024-12-29","Sunday","16:25","DAL",NA,"PHI",NA,"Home",NA,NA,NA,"2024122905",NA,NA,"202412290phi",NA,"401671765",NA,7,7,NA,NA,NA,NA,NA,NA,NA,NA,1,"outdoors","grass",NA,NA,NA,NA,NA,NA,"Mike McCarthy","Nick Sirianni",NA,"PHI00","Lincoln Financial Field"
"255","2024_17_MIA_CLE",2024,"REG",17,"2024-12-29","Sunday","20:20","MIA",NA,"CLE",NA,"Home",NA,NA,NA,"2024122906",NA,NA,"202412290cle",NA,"401671877",NA,7,10,NA,NA,NA,NA,NA,NA,NA,NA,0,"outdoors","grass",NA,NA,NA,NA,NA,NA,"Mike McDaniel","Kevin Stefanski",NA,"CLE00","FirstEnergy Stadium"
"256","2024_17_DET_SF",2024,"REG",17,"2024-12-30","Monday","20:15","DET",NA,"SF",NA,"Home",NA,NA,NA,"2024123000",NA,NA,"202412300sfo",NA,"401671698",NA,8,8,NA,NA,NA,NA,NA,NA,NA,NA,0,"outdoors","grass",NA,NA,NA,NA,NA,NA,"Dan Campbell","Kyle Shanahan",NA,"SFO01","Levi's Stadium"
"257","2024_18_SF_ARI",2024,"REG",18,"2025-01-05","Sunday","13:00","SF",NA,"ARI",NA,"Home",NA,NA,NA,"2025010500",NA,NA,"202501050crd",NA,"401671845",NA,6,7,NA,NA,NA,NA,NA,NA,NA,NA,1,"closed","grass",NA,NA,NA,NA,NA,NA,"Kyle Shanahan","Jonathan Gannon",NA,"PHO00","State Farm Stadium"
"258","2024_18_CAR_ATL",2024,"REG",18,"2025-01-05","Sunday","13:00","CAR",NA,"ATL",NA,"Home",NA,NA,NA,"2025010501",NA,NA,"202501050atl",NA,"401671827",NA,7,7,NA,NA,NA,NA,NA,NA,NA,NA,1,"closed","fieldturf",NA,NA,NA,NA,NA,NA,"Dave Canales","Raheem Morris",NA,"ATL97","Mercedes-Benz Stadium"
"259","2024_18_CLE_BAL",2024,"REG",18,"2025-01-05","Sunday","13:00","CLE",NA,"BAL",NA,"Home",NA,NA,NA,"2025010502",NA,NA,"202501050rav",NA,"401671834",NA,7,11,NA,NA,NA,NA,NA,NA,NA,NA,1,"outdoors","grass",NA,NA,NA,NA,NA,NA,"Kevin Stefanski","John Harbaugh",NA,"BAL00","M&T Bank Stadium"
"260","2024_18_WAS_DAL",2024,"REG",18,"2025-01-05","Sunday","13:00","WAS",NA,"DAL",NA,"Home",NA,NA,NA,"2025010503",NA,NA,"202501050dal",NA,"401671840",NA,7,7,NA,NA,NA,NA,NA,NA,NA,NA,1,"closed","matrixturf",NA,NA,NA,NA,NA,NA,"Dan Quinn","Mike McCarthy",NA,"DAL00","AT&T Stadium"
"261","2024_18_KC_DEN",2024,"REG",18,"2025-01-05","Sunday","13:00","KC",NA,"DEN",NA,"Home",NA,NA,NA,"2025010504",NA,NA,"202501050den",NA,"401671838",NA,11,7,NA,NA,NA,NA,NA,NA,NA,NA,1,"outdoors","grass",NA,NA,NA,NA,NA,NA,"Andy Reid","Sean Payton",NA,"DEN00","Empower Field at Mile High"
"262","2024_18_MIN_DET",2024,"REG",18,"2025-01-05","Sunday","13:00","MIN",NA,"DET",NA,"Home",NA,NA,NA,"2025010505",NA,NA,"202501050det",NA,"401671843",NA,7,6,NA,NA,NA,NA,NA,NA,NA,NA,1,"dome","fieldturf",NA,NA,NA,NA,NA,NA,"Kevin O'Connell","Dan Campbell",NA,"DET00","Ford Field"
"263","2024_18_CHI_GB",2024,"REG",18,"2025-01-05","Sunday","13:00","CHI",NA,"GB",NA,"Home",NA,NA,NA,"2025010506",NA,NA,"202501050gnb",NA,"401671844",NA,10,7,NA,NA,NA,NA,NA,NA,NA,NA,1,"outdoors","grass",NA,NA,NA,NA,NA,NA,"Matt Eberflus","Matt LaFleur",NA,"GNB00","Lambeau Field"
"264","2024_18_JAX_IND",2024,"REG",18,"2025-01-05","Sunday","13:00","JAX",NA,"IND",NA,"Home",NA,NA,NA,"2025010507",NA,NA,"202501050clt",NA,"401671837",NA,7,7,NA,NA,NA,NA,NA,NA,NA,NA,1,"closed","fieldturf",NA,NA,NA,NA,NA,NA,"Doug Pederson","Shane Steichen",NA,"IND00","Lucas Oil Stadium"
"265","2024_18_SEA_LA",2024,"REG",18,"2025-01-05","Sunday","13:00","SEA",NA,"LA",NA,"Home",NA,NA,NA,"2025010508",NA,NA,"202501050ram",NA,"401671830",NA,10,7,NA,NA,NA,NA,NA,NA,NA,NA,1,"dome","matrixturf",NA,NA,NA,NA,NA,NA,"Mike Macdonald","Sean McVay",NA,"LAX01","SoFi Stadium"
"266","2024_18_LAC_LV",2024,"REG",18,"2025-01-05","Sunday","13:00","LAC",NA,"LV",NA,"Home",NA,NA,NA,"2025010509",NA,NA,"202501050rai",NA,"401671839",NA,7,7,NA,NA,NA,NA,NA,NA,NA,NA,1,"dome","grass",NA,NA,NA,NA,NA,NA,"Jim Harbaugh","Antonio Pierce",NA,"VEG00","Allegiant Stadium"
"267","2024_18_BUF_NE",2024,"REG",18,"2025-01-05","Sunday","13:00","BUF",NA,"NE",NA,"Home",NA,NA,NA,"2025010510",NA,NA,"202501050nwe",NA,"401671831",NA,7,7,NA,NA,NA,NA,NA,NA,NA,NA,1,"outdoors","fieldturf",NA,NA,NA,NA,NA,NA,"Sean McDermott","Jerod Mayo",NA,"BOS00","Gillette Stadium"
"268","2024_18_MIA_NYJ",2024,"REG",18,"2025-01-05","Sunday","13:00","MIA",NA,"NYJ",NA,"Home",NA,NA,NA,"2025010511",NA,NA,"202501050nyj",NA,"401671833",NA,7,7,NA,NA,NA,NA,NA,NA,NA,NA,1,"outdoors","fieldturf",NA,NA,NA,NA,NA,NA,"Mike McDaniel","Robert Saleh",NA,"NYC01","MetLife Stadium"
"269","2024_18_NYG_PHI",2024,"REG",18,"2025-01-05","Sunday","13:00","NYG",NA,"PHI",NA,"Home",NA,NA,NA,"2025010512",NA,NA,"202501050phi",NA,"401671841",NA,7,7,NA,NA,NA,NA,NA,NA,NA,NA,1,"outdoors","grass",NA,NA,NA,NA,NA,NA,"Brian Daboll","Nick Sirianni",NA,"PHI00","Lincoln Financial Field"
"270","2024_18_CIN_PIT",2024,"REG",18,"2025-01-05","Sunday","13:00","CIN",NA,"PIT",NA,"Home",NA,NA,NA,"2025010513",NA,NA,"202501050pit",NA,"401671836",NA,7,11,NA,NA,NA,NA,NA,NA,NA,NA,1,"outdoors","grass",NA,NA,NA,NA,NA,NA,"Zac Taylor","Mike Tomlin",NA,"PIT00","Acrisure Stadium"
"271","2024_18_NO_TB",2024,"REG",18,"2025-01-05","Sunday","13:00","NO",NA,"TB",NA,"Home",NA,NA,NA,"2025010514",NA,NA,"202501050tam",NA,"401671828",NA,7,7,NA,NA,NA,NA,NA,NA,NA,NA,1,"outdoors","grass",NA,NA,NA,NA,NA,NA,"Dennis Allen","Todd Bowles",NA,"TAM00","Raymond James Stadium"
"272","2024_18_HOU_TEN",2024,"REG",18,"2025-01-05","Sunday","13:00","HOU",NA,"TEN",NA,"Home",NA,NA,NA,"2025010515",NA,NA,"202501050oti",NA,"401671826",NA,11,7,NA,NA,NA,NA,NA,NA,NA,NA,1,"outdoors","grass",NA,NA,NA,NA,NA,NA,"DeMeco Ryans","Brian Callahan",NA,"NAS00","Nissan Stadium"
